timestamp,pipeline_stage,latency_ms,record_count,error_rate,cpu_utilization,memory_usage_mb,throughput_rps,queue_depth,status
2024-01-01 00:00:00,validation,213.89,1318,1.858,36.69,628.1,394.6,23,success
2024-01-01 00:10:00,transformation,230.14,1335,3.441,38.14,631.0,361.2,22,warning
2024-01-01 00:20:00,ingestion,182.02,1198,1.176,31.09,583.1,424.0,14,success
2024-01-01 00:30:00,transformation,212.93,1217,0.814,35.93,655.3,388.0,15,success
2024-01-01 00:40:00,ingestion,196.2,1216,2.443,39.51,607.8,409.2,22,success
2024-01-01 00:50:00,validation,200.12,1262,3.183,46.77,636.7,364.6,24,success
2024-01-01 01:00:00,ingestion,199.98,1424,2.149,39.59,676.1,364.2,19,success
2024-01-01 01:10:00,transformation,197.33,1318,2.118,34.58,678.0,388.5,24,success
2024-01-01 01:20:00,ingestion,212.41,1355,1.969,47.81,677.1,341.0,19,success
2024-01-01 01:30:00,ingestion,200.58,1313,1.109,37.17,605.6,389.1,21,success
2024-01-01 01:40:00,transformation,218.44,1378,1.459,31.93,602.6,362.5,17,success
2024-01-01 01:50:00,loading,214.93,1456,1.991,42.51,691.0,397.6,26,success
2024-01-01 02:00:00,validation,213.36,1181,1.879,36.09,641.8,385.6,24,success
2024-01-01 02:10:00,ingestion,204.54,1424,1.988,52.86,694.0,399.2,18,success
2024-01-01 02:20:00,ingestion,210.67,1135,2.521,39.4,659.3,358.5,24,warning
2024-01-01 02:30:00,loading,456.99,1733,4.279,45.26,669.3,246.8,40,success
2024-01-01 02:40:00,transformation,576.01,2096,6.185,46.82,722.2,183.3,50,success
2024-01-01 02:50:00,ingestion,207.88,1387,1.791,42.46,638.1,374.5,11,success
2024-01-01 03:00:00,loading,224.99,1389,2.769,48.12,654.5,350.2,23,success
2024-01-01 03:10:00,validation,235.67,1537,2.4,44.61,626.6,344.2,23,success
2024-01-01 03:20:00,loading,200.2,1264,1.784,34.72,617.3,404.7,19,success
2024-01-01 03:30:00,loading,234.17,1409,2.376,43.83,632.6,413.2,22,success
2024-01-01 03:40:00,loading,216.8,1393,2.021,40.65,660.8,350.3,20,warning
2024-01-01 03:50:00,ingestion,235.94,1335,2.416,42.27,660.6,337.3,25,success
2024-01-01 04:00:00,ingestion,216.51,1311,2.544,37.89,612.2,388.5,22,success
2024-01-01 04:10:00,transformation,201.4,1278,1.97,37.28,660.2,364.1,19,success
2024-01-01 04:20:00,transformation,204.49,1334,1.86,37.92,690.2,397.7,22,success
2024-01-01 04:30:00,transformation,229.99,1411,1.738,45.88,683.3,371.3,21,success
2024-01-01 04:40:00,transformation,575.61,1930,6.046,47.11,600.6,154.2,47,success
2024-01-01 04:50:00,transformation,216.22,1402,2.336,38.73,707.2,379.1,26,success
2024-01-01 05:00:00,transformation,239.5,1225,1.804,33.66,652.2,363.9,19,success
2024-01-01 05:10:00,ingestion,205.07,1310,2.468,41.92,717.4,373.4,15,success
2024-01-01 05:20:00,ingestion,229.0,1284,1.691,40.82,687.6,327.5,20,success
2024-01-01 05:30:00,transformation,211.74,1362,2.632,38.19,684.4,376.5,21,success
2024-01-01 05:40:00,validation,219.97,1374,2.544,37.06,647.9,399.5,23,success
2024-01-01 05:50:00,ingestion,230.23,1359,2.512,49.77,678.3,329.7,21,success
2024-01-01 06:00:00,transformation,216.31,1386,1.975,31.39,633.1,350.9,22,success
2024-01-01 06:10:00,validation,223.07,1436,2.519,44.01,644.8,374.7,28,success
2024-01-01 06:20:00,transformation,243.48,1384,2.973,47.22,690.3,354.7,25,success
2024-01-01 06:30:00,ingestion,219.22,1266,2.488,22.06,510.4,376.7,23,success
2024-01-01 06:40:00,transformation,239.81,1257,2.063,42.83,663.2,342.1,20,success
2024-01-01 06:50:00,ingestion,209.68,1338,2.231,38.97,688.7,397.4,15,success
2024-01-01 07:00:00,loading,233.84,1393,2.904,42.18,662.5,360.6,15,success
2024-01-01 07:10:00,ingestion,246.73,1317,3.567,38.14,697.3,365.9,22,success
2024-01-01 07:20:00,validation,187.18,1357,1.769,45.73,664.1,394.1,10,success
2024-01-01 07:30:00,ingestion,211.39,1301,2.543,41.33,686.7,376.7,22,success
2024-01-01 07:40:00,transformation,231.03,1237,2.878,39.21,622.9,373.9,21,failed
2024-01-01 07:50:00,transformation,218.3,1449,1.777,37.24,671.2,372.7,15,success
2024-01-01 08:00:00,ingestion,225.83,1452,3.149,51.19,698.1,340.7,22,success
2024-01-01 08:10:00,transformation,210.07,1174,1.568,37.66,637.2,395.7,16,success
2024-01-01 08:20:00,ingestion,219.25,1305,2.597,51.02,613.4,384.8,22,success
2024-01-01 08:30:00,transformation,214.4,1294,2.297,49.05,676.0,329.2,22,success
2024-01-01 08:40:00,transformation,232.98,1503,2.358,33.65,636.2,347.1,19,success
2024-01-01 08:50:00,transformation,217.98,1340,3.453,36.83,665.8,390.1,22,success
2024-01-01 09:00:00,loading,217.89,1228,2.028,33.24,675.2,332.7,20,success
2024-01-01 09:10:00,transformation,205.27,1399,1.894,40.74,715.6,395.7,14,success
2024-01-01 09:20:00,transformation,202.74,1225,2.693,39.31,687.0,375.5,21,success
2024-01-01 09:30:00,ingestion,375.37,1579,4.135,44.83,652.0,301.6,27,warning
2024-01-01 09:40:00,transformation,213.09,1279,2.772,44.46,658.5,372.1,22,success
2024-01-01 09:50:00,validation,199.4,1274,2.052,46.58,697.2,365.9,17,success
2024-01-01 10:00:00,ingestion,422.84,1751,4.387,51.1,706.4,252.5,30,success
2024-01-01 10:10:00,validation,233.87,1495,3.289,39.62,699.5,359.1,21,success
2024-01-01 10:20:00,ingestion,214.31,1240,1.725,34.69,707.8,355.2,17,warning
2024-01-01 10:30:00,validation,194.86,1361,1.897,40.43,721.5,427.5,21,success
2024-01-01 10:40:00,ingestion,216.27,1287,2.562,41.44,701.9,350.8,21,success
2024-01-01 10:50:00,loading,190.63,1248,1.808,37.8,660.1,340.8,15,success
2024-01-01 11:00:00,transformation,164.7,1302,1.362,32.8,667.3,432.8,20,success
2024-01-01 11:10:00,ingestion,178.67,1203,2.096,41.46,707.0,381.1,20,success
2024-01-01 11:20:00,ingestion,164.27,1300,2.311,37.54,639.0,395.5,16,success
2024-01-01 11:30:00,transformation,185.62,1355,1.786,38.21,629.8,381.5,13,success
2024-01-01 11:40:00,loading,189.75,1268,1.813,38.75,624.6,374.8,16,success
2024-01-01 11:50:00,ingestion,213.23,1447,1.808,40.51,627.5,356.7,18,success
2024-01-01 12:00:00,ingestion,191.63,1204,1.768,36.23,597.3,365.1,19,success
2024-01-01 12:10:00,transformation,182.11,1399,2.363,34.58,640.5,392.0,20,success
2024-01-01 12:20:00,transformation,196.55,1158,2.006,36.81,610.8,374.0,21,success
2024-01-01 12:30:00,transformation,149.69,1455,1.094,45.34,647.2,424.8,9,success
2024-01-01 12:40:00,validation,185.18,1263,1.983,40.27,674.0,398.5,18,success
2024-01-01 12:50:00,ingestion,192.04,1214,2.446,42.95,667.8,366.2,19,success
2024-01-01 13:00:00,loading,157.19,1232,1.291,34.84,646.8,407.9,23,success
2024-01-01 13:10:00,transformation,195.46,1229,1.29,32.04,665.1,374.4,17,warning
2024-01-01 13:20:00,ingestion,182.37,1322,2.919,38.6,673.0,370.7,18,success
2024-01-01 13:30:00,validation,170.11,1381,1.012,37.64,689.3,411.7,15,failed
2024-01-01 13:40:00,transformation,184.94,1216,1.67,35.69,639.3,386.6,17,success
2024-01-01 13:50:00,transformation,208.68,1380,2.203,41.76,706.5,366.6,13,success
2024-01-01 14:00:00,transformation,176.58,1159,1.63,34.87,644.8,376.9,18,success
2024-01-01 14:10:00,ingestion,176.87,1365,1.731,34.22,636.8,373.3,16,success
2024-01-01 14:20:00,transformation,165.62,1298,1.945,36.68,684.2,440.4,17,success
2024-01-01 14:30:00,loading,159.2,1340,0.396,41.8,632.1,411.2,11,success
2024-01-01 14:40:00,ingestion,183.91,1284,1.206,42.62,721.9,367.8,13,success
2024-01-01 14:50:00,transformation,158.19,1218,1.604,41.58,649.1,410.8,18,success
2024-01-01 15:00:00,validation,171.75,1340,1.515,42.22,623.2,418.2,19,success
2024-01-01 15:10:00,loading,163.23,1156,1.697,36.5,659.4,405.4,17,success
2024-01-01 15:20:00,transformation,177.37,1144,1.888,39.18,637.8,421.1,12,success
2024-01-01 15:30:00,transformation,175.06,1279,0.693,38.97,709.2,364.1,16,success
2024-01-01 15:40:00,transformation,185.57,1265,2.493,39.54,637.4,348.8,13,success
2024-01-01 15:50:00,loading,162.37,1304,1.375,34.86,643.4,407.8,13,success
2024-01-01 16:00:00,loading,166.07,1353,1.228,40.51,611.0,405.9,18,success
2024-01-01 16:10:00,ingestion,155.6,1291,1.66,41.26,680.8,339.8,18,success
2024-01-01 16:20:00,transformation,163.86,1343,1.692,41.85,635.2,389.2,17,success
2024-01-01 16:30:00,transformation,176.5,1308,2.363,33.18,648.9,373.9,22,success
2024-01-01 16:40:00,validation,182.59,1331,1.962,40.45,640.7,362.6,19,success
2024-01-01 16:50:00,transformation,157.86,1243,2.158,31.43,560.6,385.1,11,success
2024-01-01 17:00:00,validation,185.27,1333,1.384,40.86,658.9,400.8,15,success
2024-01-01 17:10:00,loading,193.16,1322,2.003,36.32,641.7,363.8,18,success
2024-01-01 17:20:00,ingestion,179.7,1313,1.24,48.22,707.2,372.5,15,success
2024-01-01 17:30:00,ingestion,202.38,1310,2.073,40.25,699.6,346.2,17,success
2024-01-01 17:40:00,transformation,163.43,1326,1.577,43.9,723.0,427.3,13,success
2024-01-01 17:50:00,transformation,157.22,1194,1.494,48.46,707.5,414.4,23,success
2024-01-01 18:00:00,ingestion,150.14,1238,1.427,34.48,641.0,360.1,14,success
2024-01-01 18:10:00,ingestion,200.24,1425,2.371,43.55,621.6,360.2,26,success
2024-01-01 18:20:00,validation,188.65,1225,1.083,32.45,631.6,397.4,13,success
2024-01-01 18:30:00,loading,179.09,1113,1.341,38.42,652.9,418.2,18,success
2024-01-01 18:40:00,transformation,185.26,1325,1.832,48.7,676.5,405.7,18,success
2024-01-01 18:50:00,transformation,165.37,1244,1.064,35.52,655.3,393.7,12,success
2024-01-01 19:00:00,ingestion,220.17,1433,2.225,37.07,675.4,329.3,19,success
2024-01-01 19:10:00,validation,186.69,1288,1.841,38.86,623.5,405.4,17,success
2024-01-01 19:20:00,validation,187.7,1251,1.175,48.99,658.4,381.4,14,success
2024-01-01 19:30:00,transformation,198.29,1311,1.256,43.52,660.1,382.4,16,success
2024-01-01 19:40:00,ingestion,196.0,1401,0.648,36.49,621.3,378.9,9,warning
2024-01-01 19:50:00,ingestion,193.55,1355,1.325,47.6,629.4,356.8,19,success
2024-01-01 20:00:00,ingestion,179.76,1092,1.805,28.1,580.5,399.4,21,success
2024-01-01 20:10:00,transformation,200.14,1335,2.079,50.71,652.5,384.4,20,success
2024-01-01 20:20:00,validation,222.77,1375,2.329,44.91,705.4,357.8,27,success
2024-01-01 20:30:00,loading,216.2,1344,1.773,48.98,734.5,379.7,21,success
2024-01-01 20:40:00,transformation,221.41,1305,2.205,31.34,588.8,339.7,23,success
2024-01-01 20:50:00,validation,191.34,1401,2.112,41.86,674.9,379.8,22,success
2024-01-01 21:00:00,loading,185.66,1396,1.223,40.27,679.2,389.1,8,success
2024-01-01 21:10:00,ingestion,200.12,1143,2.063,32.11,579.6,345.2,20,success
2024-01-01 21:20:00,transformation,204.33,1263,2.372,32.46,630.4,376.3,15,success
2024-01-01 21:30:00,loading,221.39,1342,1.969,42.67,737.4,381.8,16,success
2024-01-01 21:40:00,transformation,181.07,1365,2.342,43.46,684.4,385.3,15,success
2024-01-01 21:50:00,loading,230.85,1372,2.075,47.08,669.4,360.8,19,success
2024-01-01 22:00:00,loading,206.98,1276,1.64,36.62,623.4,387.1,20,success
2024-01-01 22:10:00,validation,204.36,1383,2.322,40.04,591.5,369.6,21,success
2024-01-01 22:20:00,validation,196.96,1298,2.986,32.56,640.1,375.9,20,success
2024-01-01 22:30:00,validation,188.68,1292,1.929,47.08,735.2,363.3,20,success
2024-01-01 22:40:00,validation,227.17,1361,2.589,40.76,630.3,363.4,23,success
2024-01-01 22:50:00,transformation,217.21,1393,1.918,44.51,609.7,363.0,21,failed
2024-01-01 23:00:00,ingestion,198.0,1292,1.359,43.17,643.2,391.2,12,success
2024-01-01 23:10:00,transformation,199.13,1373,2.074,47.89,706.1,391.8,16,success
2024-01-01 23:20:00,validation,214.67,1337,2.309,35.9,624.8,387.0,20,success
2024-01-01 23:30:00,ingestion,245.85,1307,2.28,43.09,638.2,342.3,24,success
2024-01-01 23:40:00,ingestion,217.98,1345,2.495,40.05,652.7,325.7,16,success
2024-01-01 23:50:00,ingestion,200.32,1239,1.676,49.11,690.8,394.6,18,success
2024-01-02 00:00:00,validation,220.12,1355,1.75,36.15,596.9,376.6,14,warning
2024-01-02 00:10:00,loading,220.6,1419,2.736,47.14,670.5,354.9,24,success
2024-01-02 00:20:00,loading,185.06,1210,2.383,39.9,636.7,400.1,19,success
2024-01-02 00:30:00,transformation,225.46,1389,1.937,42.32,640.9,335.8,16,success
2024-01-02 00:40:00,loading,223.5,1291,3.094,39.64,620.2,386.5,18,success
2024-01-02 00:50:00,validation,238.03,1396,2.237,47.67,707.1,350.5,22,success
2024-01-02 01:00:00,transformation,255.87,1478,2.601,43.49,644.9,329.9,27,success
2024-01-02 01:10:00,transformation,245.52,1222,2.413,30.71,559.6,340.3,18,success
2024-01-02 01:20:00,ingestion,225.0,1270,2.512,45.15,678.0,360.4,23,success
2024-01-02 01:30:00,loading,212.78,1310,2.264,44.83,690.7,372.1,18,success
2024-01-02 01:40:00,transformation,268.25,1454,2.811,44.75,644.7,340.0,26,success
2024-01-02 01:50:00,transformation,230.73,1355,1.798,34.68,616.6,353.0,22,success
2024-01-02 02:00:00,validation,230.17,1364,1.457,35.59,617.1,365.9,19,success
2024-01-02 02:10:00,transformation,229.64,1530,2.867,33.56,619.1,362.4,16,success
2024-01-02 02:20:00,ingestion,232.94,1275,2.057,41.43,690.2,347.3,22,success
2024-01-02 02:30:00,transformation,227.7,1455,2.252,35.08,631.4,347.4,22,success
2024-01-02 02:40:00,ingestion,221.08,1325,2.374,31.28,646.7,379.5,22,success
2024-01-02 02:50:00,validation,221.22,1397,3.027,47.33,648.6,377.8,22,success
2024-01-02 03:00:00,transformation,228.61,1536,2.367,46.88,664.6,364.0,18,success
2024-01-02 03:10:00,transformation,220.54,1407,2.008,39.44,678.7,386.2,23,success
2024-01-02 03:20:00,transformation,217.53,1377,1.914,39.98,627.8,330.3,22,success
2024-01-02 03:30:00,transformation,229.27,1494,2.274,30.37,648.7,351.2,17,warning
2024-01-02 03:40:00,transformation,223.24,1447,1.778,46.29,655.2,342.9,23,success
2024-01-02 03:50:00,validation,248.94,1334,2.504,36.55,630.3,395.8,22,success
2024-01-02 04:00:00,validation,185.87,1320,1.833,41.45,707.2,402.7,18,success
2024-01-02 04:10:00,validation,241.2,1248,3.233,26.28,590.9,353.7,22,success
2024-01-02 04:20:00,loading,242.65,1345,2.385,45.06,674.1,370.1,21,success
2024-01-02 04:30:00,ingestion,191.92,1332,0.957,36.22,657.3,407.2,20,success
2024-01-02 04:40:00,transformation,216.89,1298,3.506,32.59,632.9,392.0,25,success
2024-01-02 04:50:00,loading,215.42,1366,2.633,38.79,655.4,389.2,24,success
2024-01-02 05:00:00,transformation,198.78,1316,3.029,36.76,639.0,375.5,21,failed
2024-01-02 05:10:00,ingestion,207.07,1374,1.492,45.98,633.9,365.7,21,success
2024-01-02 05:20:00,transformation,200.89,1287,1.898,37.2,652.6,360.2,16,success
2024-01-02 05:30:00,ingestion,242.59,1312,2.763,46.49,652.7,364.5,24,success
2024-01-02 05:40:00,ingestion,229.07,1484,2.559,43.91,689.0,359.4,21,success
2024-01-02 05:50:00,loading,232.79,1332,2.481,44.45,708.7,352.0,15,success
2024-01-02 06:00:00,transformation,223.19,1409,1.132,41.12,601.8,356.7,13,success
2024-01-02 06:10:00,ingestion,194.05,1425,1.084,47.74,720.3,412.6,14,success
2024-01-02 06:20:00,loading,201.71,1335,2.776,34.26,619.6,398.0,21,success
2024-01-02 06:30:00,loading,215.48,1276,3.002,39.71,647.1,407.3,19,success
2024-01-02 06:40:00,transformation,188.35,1287,1.83,37.32,615.2,397.6,16,success
2024-01-02 06:50:00,ingestion,215.91,1426,2.854,48.37,686.9,371.6,23,success
2024-01-02 07:00:00,validation,200.13,1336,1.49,47.54,680.4,379.4,16,success
2024-01-02 07:10:00,validation,196.62,1218,1.569,38.27,678.3,361.6,21,success
2024-01-02 07:20:00,validation,211.41,1385,1.563,34.32,609.9,347.9,22,success
2024-01-02 07:30:00,loading,205.91,1391,1.634,43.0,712.3,386.6,18,success
2024-01-02 07:40:00,validation,192.33,1279,2.285,30.86,640.0,365.9,21,success
2024-01-02 07:50:00,ingestion,213.64,1390,1.705,48.98,686.2,376.0,20,warning
2024-01-02 08:00:00,validation,178.55,1305,2.905,37.21,636.8,415.2,19,success
2024-01-02 08:10:00,transformation,202.54,1308,2.255,39.47,640.9,365.2,22,success
2024-01-02 08:20:00,validation,200.74,1217,2.55,34.85,626.7,419.8,23,success
2024-01-02 08:30:00,transformation,185.77,1383,2.103,36.24,643.9,368.7,15,success
2024-01-02 08:40:00,ingestion,193.9,1370,2.546,44.24,660.6,403.5,20,success
2024-01-02 08:50:00,transformation,168.86,1316,1.255,38.95,629.1,407.2,16,success
2024-01-02 09:00:00,transformation,200.13,1443,2.725,41.86,663.7,403.8,23,success
2024-01-02 09:10:00,transformation,182.18,1367,1.892,35.49,611.1,368.4,16,success
2024-01-02 09:20:00,transformation,175.84,1336,2.363,44.32,676.8,440.6,16,success
2024-01-02 09:30:00,transformation,198.18,1140,1.262,41.89,651.9,377.5,17,success
2024-01-02 09:40:00,validation,170.68,1368,1.797,39.48,671.1,411.1,20,success
2024-01-02 09:50:00,ingestion,158.97,1260,1.662,45.24,700.0,433.5,12,success
2024-01-02 10:00:00,validation,155.65,1274,1.247,38.59,676.7,394.5,12,success
2024-01-02 10:10:00,validation,187.05,1324,2.027,43.76,674.7,404.3,16,success
2024-01-02 10:20:00,validation,157.76,1314,2.347,31.6,635.6,389.9,16,success
2024-01-02 10:30:00,transformation,202.36,1413,1.676,42.96,652.7,406.5,13,success
2024-01-02 10:40:00,loading,143.94,1281,1.92,37.86,664.8,398.4,20,success
2024-01-02 10:50:00,ingestion,199.8,1357,1.434,41.13,679.7,380.9,17,success
2024-01-02 11:00:00,ingestion,176.77,1301,2.822,40.07,605.2,400.1,18,success
2024-01-02 11:10:00,transformation,171.48,1006,2.107,35.72,648.4,412.8,22,success
2024-01-02 11:20:00,ingestion,164.14,1239,2.504,41.66,698.9,440.9,20,success
2024-01-02 11:30:00,loading,177.76,1209,2.114,35.31,624.9,384.3,16,success
2024-01-02 11:40:00,ingestion,170.74,1370,1.903,43.4,646.7,420.3,17,success
2024-01-02 11:50:00,validation,187.45,1349,2.271,46.4,661.8,426.9,18,success
2024-01-02 12:00:00,validation,172.29,1239,1.655,31.53,577.2,399.9,21,success
2024-01-02 12:10:00,ingestion,172.57,1247,0.917,34.8,637.6,385.5,14,success
2024-01-02 12:20:00,transformation,558.22,1861,5.806,44.22,667.7,130.5,40,success
2024-01-02 12:30:00,ingestion,169.18,1237,1.314,33.09,633.7,436.2,10,success
2024-01-02 12:40:00,transformation,174.62,1163,1.195,35.07,647.2,390.3,20,success
2024-01-02 12:50:00,ingestion,144.39,1098,1.762,41.64,633.8,393.3,13,success
2024-01-02 13:00:00,loading,149.94,1242,1.36,45.87,680.7,382.9,17,success
2024-01-02 13:10:00,loading,483.63,1859,5.35,48.42,694.8,189.8,40,success
2024-01-02 13:20:00,ingestion,173.19,1234,1.337,36.89,626.5,414.5,15,success
2024-01-02 13:30:00,ingestion,168.21,1293,1.447,43.41,676.5,420.2,15,warning
2024-01-02 13:40:00,validation,171.66,1333,2.292,28.18,613.1,410.0,22,success
2024-01-02 13:50:00,ingestion,177.08,1203,1.911,32.77,607.8,396.4,13,success
2024-01-02 14:00:00,loading,164.32,1261,0.905,27.31,616.1,376.5,13,success
2024-01-02 14:10:00,transformation,161.37,1204,1.743,32.73,617.8,388.6,19,success
2024-01-02 14:20:00,transformation,176.67,1411,2.507,37.33,663.6,371.9,14,success
2024-01-02 14:30:00,validation,159.82,1380,1.359,48.09,673.1,415.6,19,success
2024-01-02 14:40:00,transformation,181.44,1210,2.113,24.34,558.5,369.9,20,success
2024-01-02 14:50:00,loading,150.66,1271,1.082,36.98,649.4,395.3,15,failed
2024-01-02 15:00:00,loading,558.75,1979,5.519,52.78,703.6,161.1,42,success
2024-01-02 15:10:00,ingestion,185.23,1364,2.397,42.51,628.4,355.5,14,success
2024-01-02 15:20:00,ingestion,183.03,1299,1.94,46.79,698.3,391.1,20,success
2024-01-02 15:30:00,loading,195.04,1416,2.595,42.05,680.1,380.8,28,success
2024-01-02 15:40:00,loading,206.44,1257,2.277,40.73,628.5,399.8,20,success
2024-01-02 15:50:00,ingestion,197.87,1292,3.088,30.19,597.9,364.9,15,success
2024-01-02 16:00:00,validation,156.29,1179,0.78,32.74,622.3,380.2,15,success
2024-01-02 16:10:00,transformation,165.99,1328,1.551,31.01,597.8,392.9,18,success
2024-01-02 16:20:00,ingestion,177.14,1236,1.229,41.4,676.1,371.8,13,success
2024-01-02 16:30:00,loading,338.57,1528,2.878,44.66,672.8,297.6,25,success
2024-01-02 16:40:00,ingestion,197.02,1364,1.467,42.03,626.3,344.6,15,success
2024-01-02 16:50:00,loading,179.78,1343,1.882,35.74,612.4,380.0,16,success
2024-01-02 17:00:00,ingestion,194.9,1239,2.062,33.72,665.7,364.5,18,success
2024-01-02 17:10:00,transformation,182.23,1376,2.036,41.69,704.0,402.0,15,failed
2024-01-02 17:20:00,ingestion,185.86,1333,1.297,36.65,656.4,372.3,13,success
2024-01-02 17:30:00,transformation,175.42,1194,1.592,32.81,620.5,360.0,17,success
2024-01-02 17:40:00,validation,184.16,1188,1.359,35.28,622.3,385.5,16,warning
2024-01-02 17:50:00,ingestion,179.23,1285,2.26,35.97,654.4,398.9,17,success
2024-01-02 18:00:00,transformation,186.37,1366,1.429,36.16,640.8,382.8,17,success
2024-01-02 18:10:00,transformation,218.31,1419,2.076,35.16,586.8,356.8,15,success
2024-01-02 18:20:00,ingestion,189.76,1332,2.178,42.22,690.7,372.7,19,success
2024-01-02 18:30:00,validation,244.96,1395,2.142,48.71,722.9,355.3,20,success
2024-01-02 18:40:00,transformation,214.35,1383,2.49,40.55,676.0,353.6,21,warning
2024-01-02 18:50:00,transformation,211.17,1269,2.91,40.15,619.8,366.7,22,success
2024-01-02 19:00:00,transformation,196.95,1450,2.064,44.43,648.4,396.8,22,success
2024-01-02 19:10:00,transformation,221.73,1488,2.668,44.15,610.8,340.9,21,success
2024-01-02 19:20:00,ingestion,203.97,1360,1.003,36.17,686.5,376.7,20,success
2024-01-02 19:30:00,transformation,215.78,1361,1.943,49.01,672.8,334.8,18,success
2024-01-02 19:40:00,transformation,408.67,1620,4.179,40.51,723.8,259.4,32,success
2024-01-02 19:50:00,validation,215.09,1386,1.624,44.03,724.8,351.4,18,success
2024-01-02 20:00:00,validation,235.0,1320,2.454,42.45,633.5,379.4,23,success
2024-01-02 20:10:00,transformation,208.4,1155,2.614,27.53,587.1,345.4,22,success
2024-01-02 20:20:00,ingestion,219.56,1134,1.256,35.22,649.3,377.1,18,success
2024-01-02 20:30:00,ingestion,247.74,1332,1.883,40.26,600.3,375.8,17,success
2024-01-02 20:40:00,ingestion,608.12,1985,6.174,50.44,675.4,114.5,49,success
2024-01-02 20:50:00,ingestion,250.38,1427,2.734,42.91,646.0,332.5,20,success
2024-01-02 21:00:00,transformation,234.73,1336,2.716,43.83,720.9,340.3,19,success
2024-01-02 21:10:00,ingestion,216.54,1357,2.221,40.32,658.0,360.4,16,warning
2024-01-02 21:20:00,ingestion,235.26,1354,2.583,42.08,650.7,369.2,21,success
2024-01-02 21:30:00,ingestion,241.1,1305,2.863,39.35,630.8,344.0,26,success
2024-01-02 21:40:00,ingestion,236.51,1374,2.158,35.52,663.1,335.7,18,success
2024-01-02 21:50:00,ingestion,204.23,1391,1.738,41.03,640.7,337.1,23,success
2024-01-02 22:00:00,ingestion,217.4,1271,2.09,42.81,660.3,401.6,22,success
2024-01-02 22:10:00,transformation,225.06,1283,2.35,44.79,649.6,398.6,16,success
2024-01-02 22:20:00,transformation,228.04,1279,1.951,41.87,613.0,374.4,19,success
2024-01-02 22:30:00,ingestion,238.79,1227,2.191,45.08,639.9,340.5,18,success
2024-01-02 22:40:00,transformation,232.38,1333,2.523,42.09,644.3,375.5,23,success
2024-01-02 22:50:00,transformation,209.86,1392,2.177,45.2,662.3,393.1,16,success
2024-01-02 23:00:00,ingestion,235.68,1391,2.264,45.55,664.8,353.5,16,success
2024-01-02 23:10:00,ingestion,239.16,1369,1.521,39.42,647.3,357.3,19,success
2024-01-02 23:20:00,transformation,238.34,1391,2.382,44.5,653.1,381.6,25,success
2024-01-02 23:30:00,validation,246.02,1354,1.975,35.61,677.1,319.6,20,success
2024-01-02 23:40:00,ingestion,242.11,1231,2.913,40.21,681.2,374.7,24,success
2024-01-02 23:50:00,ingestion,236.21,1440,2.208,44.49,663.7,352.1,22,warning
2024-01-03 00:00:00,loading,227.92,1450,1.781,47.01,684.2,341.0,15,success
2024-01-03 00:10:00,ingestion,203.63,1267,2.006,43.11,651.7,357.2,16,failed
2024-01-03 00:20:00,ingestion,234.49,1363,2.98,45.77,586.9,342.0,22,success
2024-01-03 00:30:00,loading,230.59,1349,2.621,39.74,651.7,337.4,20,success
2024-01-03 00:40:00,validation,230.92,1397,2.419,39.23,658.5,396.9,26,success
2024-01-03 00:50:00,transformation,206.99,1466,1.407,40.62,605.8,385.6,14,success
2024-01-03 01:00:00,transformation,209.16,1427,2.902,42.74,676.6,395.8,18,success
2024-01-03 01:10:00,ingestion,240.34,1354,2.093,31.27,613.0,367.0,22,success
2024-01-03 01:20:00,ingestion,223.05,1400,2.697,47.66,688.9,367.4,19,success
2024-01-03 01:30:00,transformation,232.92,1473,2.167,42.31,652.6,361.7,12,warning
2024-01-03 01:40:00,ingestion,222.11,1388,2.64,38.74,685.1,358.8,27,success
2024-01-03 01:50:00,transformation,221.07,1353,2.864,27.65,615.6,361.0,18,success
2024-01-03 02:00:00,loading,233.58,1409,2.66,40.95,685.4,331.7,23,success
2024-01-03 02:10:00,loading,210.6,1280,2.484,38.21,678.3,395.3,16,success
2024-01-03 02:20:00,ingestion,218.58,1305,2.137,35.09,601.2,332.6,17,success
2024-01-03 02:30:00,transformation,208.95,1249,1.873,35.37,613.6,353.5,14,success
2024-01-03 02:40:00,transformation,208.07,1357,2.15,40.22,666.3,415.4,17,success
2024-01-03 02:50:00,loading,208.63,1323,1.916,36.9,630.2,377.5,17,success
2024-01-03 03:00:00,ingestion,215.23,1278,3.386,42.03,651.9,374.4,22,success
2024-01-03 03:10:00,ingestion,203.33,1312,1.537,35.94,676.4,390.7,17,success
2024-01-03 03:20:00,ingestion,227.93,1402,2.78,41.8,649.0,332.4,17,success
2024-01-03 03:30:00,transformation,194.23,1463,2.201,47.85,650.4,355.6,17,success
2024-01-03 03:40:00,transformation,203.39,1406,2.149,40.91,630.2,369.1,23,warning
2024-01-03 03:50:00,validation,198.12,1134,2.721,38.79,713.2,363.1,24,success
2024-01-03 04:00:00,validation,224.94,1379,2.399,42.15,654.2,363.5,22,success
2024-01-03 04:10:00,ingestion,204.69,1441,1.729,41.65,616.8,386.9,20,success
2024-01-03 04:20:00,transformation,215.72,1238,2.303,38.23,592.7,398.4,26,success
2024-01-03 04:30:00,ingestion,176.46,1326,1.673,37.03,622.9,410.3,18,success
2024-01-03 04:40:00,loading,201.25,1303,2.264,40.3,647.2,359.4,21,success
2024-01-03 04:50:00,loading,209.1,1426,2.498,39.97,680.4,367.0,15,success
2024-01-03 05:00:00,loading,195.51,1345,1.526,47.91,705.3,369.8,14,success
2024-01-03 05:10:00,loading,208.79,1263,2.686,43.0,662.3,354.4,20,success
2024-01-03 05:20:00,ingestion,183.6,1277,1.709,31.89,610.0,365.0,15,success
2024-01-03 05:30:00,ingestion,211.08,1326,2.333,32.9,637.3,406.6,17,success
2024-01-03 05:40:00,transformation,223.02,1346,2.539,39.54,597.9,366.4,18,warning
2024-01-03 05:50:00,loading,181.72,1380,2.001,38.72,707.0,386.5,13,success
2024-01-03 06:00:00,ingestion,179.14,1219,1.737,37.37,662.4,402.2,15,success
2024-01-03 06:10:00,ingestion,206.32,1410,1.819,44.41,693.4,386.9,19,success
2024-01-03 06:20:00,validation,206.95,1306,1.935,41.17,623.9,398.2,24,success
2024-01-03 06:30:00,ingestion,174.19,1296,2.524,40.97,693.9,380.6,21,success
2024-01-03 06:40:00,transformation,174.55,1285,1.313,46.51,661.0,403.3,18,warning
2024-01-03 06:50:00,validation,175.5,1279,1.395,32.24,596.3,376.5,11,success
2024-01-03 07:00:00,ingestion,158.48,1252,1.203,39.3,648.4,401.1,15,success
2024-01-03 07:10:00,ingestion,163.84,1378,1.706,37.77,642.3,402.8,16,success
2024-01-03 07:20:00,validation,161.59,1325,0.854,47.05,644.3,406.1,15,warning
2024-01-03 07:30:00,transformation,164.22,1233,0.965,27.45,581.2,403.7,14,success
2024-01-03 07:40:00,loading,174.37,1405,1.613,30.25,588.7,411.4,21,success
2024-01-03 07:50:00,transformation,177.61,1306,1.132,41.11,627.0,381.5,16,success
2024-01-03 08:00:00,ingestion,196.63,1343,1.363,45.78,660.6,385.7,18,success
2024-01-03 08:10:00,validation,157.74,1185,0.937,41.64,616.1,390.2,8,success
2024-01-03 08:20:00,transformation,186.89,1259,1.446,34.88,613.3,446.3,16,success
2024-01-03 08:30:00,ingestion,168.4,1214,2.05,45.74,703.4,380.7,20,success
2024-01-03 08:40:00,validation,170.42,1279,2.182,33.03,652.3,383.7,19,success
2024-01-03 08:50:00,ingestion,180.9,1340,2.769,46.64,643.7,409.1,13,success
2024-01-03 09:00:00,ingestion,153.64,1275,2.478,33.63,658.5,399.2,16,success
2024-01-03 09:10:00,ingestion,175.98,1408,2.153,39.36,590.8,412.1,23,success
2024-01-03 09:20:00,transformation,172.59,1205,2.24,41.27,729.3,399.5,17,success
2024-01-03 09:30:00,transformation,177.4,1293,1.84,32.06,663.2,385.5,18,success
2024-01-03 09:40:00,transformation,174.34,1176,2.003,44.99,652.7,380.3,22,success
2024-01-03 09:50:00,validation,206.91,1257,3.041,37.07,653.2,360.1,20,success
2024-01-03 10:00:00,loading,160.65,1358,1.792,41.06,613.7,395.8,18,success
2024-01-03 10:10:00,ingestion,162.47,1222,2.201,44.14,668.3,399.0,18,success
2024-01-03 10:20:00,ingestion,417.06,1603,3.703,40.08,646.8,233.1,35,success
2024-01-03 10:30:00,ingestion,162.76,1090,1.294,41.65,632.7,400.2,16,success
2024-01-03 10:40:00,ingestion,161.97,1194,1.776,46.11,659.3,380.9,15,success
2024-01-03 10:50:00,validation,189.88,1287,1.974,36.03,621.1,401.2,17,success
2024-01-03 11:00:00,validation,193.93,1201,1.629,44.86,635.1,402.6,15,success
2024-01-03 11:10:00,validation,164.71,1242,2.851,29.83,590.7,387.1,14,success
2024-01-03 11:20:00,ingestion,161.5,1360,1.701,42.35,617.0,387.9,20,success
2024-01-03 11:30:00,transformation,181.83,1234,1.597,32.37,651.0,394.5,17,success
2024-01-03 11:40:00,transformation,167.32,1192,1.749,42.59,633.1,424.9,20,success
2024-01-03 11:50:00,ingestion,186.0,1207,1.873,42.41,623.8,418.1,22,success
2024-01-03 12:00:00,transformation,180.51,1197,1.899,48.34,706.4,363.6,17,success
2024-01-03 12:10:00,loading,155.75,1292,0.761,46.49,685.8,426.7,10,success
2024-01-03 12:20:00,transformation,471.49,1758,5.361,45.54,695.5,215.9,38,warning
2024-01-03 12:30:00,validation,207.62,1408,2.751,35.71,664.5,374.6,18,success
2024-01-03 12:40:00,transformation,383.58,1775,4.571,49.45,743.2,279.9,27,success
2024-01-03 12:50:00,ingestion,177.26,1137,1.935,36.75,635.9,384.0,16,success
2024-01-03 13:00:00,transformation,188.62,1332,2.217,47.74,635.4,408.8,18,warning
2024-01-03 13:10:00,ingestion,190.65,1215,1.473,27.39,616.0,414.1,15,success
2024-01-03 13:20:00,ingestion,196.84,1378,2.385,51.61,672.6,411.1,17,success
2024-01-03 13:30:00,transformation,218.48,1327,2.311,42.56,632.2,332.0,16,success
2024-01-03 13:40:00,loading,187.07,1301,1.64,35.45,639.1,383.2,18,success
2024-01-03 13:50:00,transformation,179.17,1184,2.224,41.43,683.0,353.8,24,success
2024-01-03 14:00:00,transformation,171.9,1240,2.171,45.09,644.7,381.6,21,success
2024-01-03 14:10:00,loading,183.09,1300,1.861,40.07,690.5,342.2,19,success
2024-01-03 14:20:00,validation,195.03,1420,2.169,32.48,596.0,392.0,21,success
2024-01-03 14:30:00,validation,223.94,1294,1.724,37.94,637.5,370.0,19,success
2024-01-03 14:40:00,ingestion,190.75,1261,2.529,44.11,678.0,376.9,14,success
2024-01-03 14:50:00,loading,203.37,1400,1.584,43.48,652.5,362.2,17,success
2024-01-03 15:00:00,ingestion,535.56,1788,5.003,46.04,619.9,184.9,38,success
2024-01-03 15:10:00,transformation,220.83,1444,2.239,48.2,708.5,347.3,20,success
2024-01-03 15:20:00,ingestion,242.4,1387,2.981,44.5,649.0,333.0,26,success
2024-01-03 15:30:00,transformation,198.01,1341,2.537,44.2,689.0,357.1,25,success
2024-01-03 15:40:00,ingestion,200.09,1349,1.998,38.18,607.7,375.9,19,success
2024-01-03 15:50:00,transformation,224.54,1309,2.632,37.1,609.0,353.6,16,success
2024-01-03 16:00:00,transformation,220.53,1384,1.361,32.26,650.8,360.0,18,success
2024-01-03 16:10:00,ingestion,239.4,1321,2.034,38.52,657.0,366.8,21,success
2024-01-03 16:20:00,transformation,221.82,1314,1.869,44.39,654.2,386.2,21,success
2024-01-03 16:30:00,loading,209.01,1379,2.716,39.66,661.5,403.6,20,success
2024-01-03 16:40:00,loading,580.0,1951,6.127,51.49,663.6,153.2,46,success
2024-01-03 16:50:00,ingestion,233.58,1367,2.428,46.06,676.5,366.8,19,warning
2024-01-03 17:00:00,validation,230.47,1268,2.446,40.88,658.9,365.5,20,success
2024-01-03 17:10:00,validation,226.95,1282,3.054,41.58,646.3,330.3,23,success
2024-01-03 17:20:00,transformation,236.46,1400,2.28,34.21,606.7,350.7,15,success
2024-01-03 17:30:00,ingestion,239.07,1441,1.734,40.0,654.1,349.3,19,success
2024-01-03 17:40:00,validation,243.28,1300,2.976,48.13,678.8,343.8,25,success
2024-01-03 17:50:00,loading,233.24,1305,2.423,40.09,638.3,359.2,26,success
2024-01-03 18:00:00,transformation,221.9,1365,2.696,49.96,655.8,362.5,20,success
2024-01-03 18:10:00,transformation,227.45,1372,2.252,36.96,641.7,343.8,24,success
2024-01-03 18:20:00,transformation,244.13,1260,2.022,40.07,638.3,350.5,26,success
2024-01-03 18:30:00,ingestion,214.49,1356,2.346,38.43,615.5,358.5,19,success
2024-01-03 18:40:00,validation,232.92,1324,2.334,42.82,663.2,307.9,19,success
2024-01-03 18:50:00,validation,222.07,1486,2.313,46.77,723.9,338.8,20,success
2024-01-03 19:00:00,ingestion,228.9,1386,3.097,43.8,654.3,364.4,22,success
2024-01-03 19:10:00,loading,248.09,1430,1.932,46.66,720.2,373.0,24,success
2024-01-03 19:20:00,ingestion,232.14,1407,2.464,41.04,719.1,312.2,19,success
2024-01-03 19:30:00,loading,230.26,1271,1.893,38.11,616.8,344.4,24,success
2024-01-03 19:40:00,transformation,209.39,1490,0.799,33.56,629.7,383.0,14,success
2024-01-03 19:50:00,ingestion,241.12,1255,2.387,42.02,722.2,372.9,18,success
2024-01-03 20:00:00,transformation,239.68,1447,2.412,42.57,657.4,347.8,23,success
2024-01-03 20:10:00,transformation,262.44,1469,2.936,41.7,659.1,328.9,27,success
2024-01-03 20:20:00,ingestion,225.29,1322,2.144,38.88,598.0,389.2,21,success
2024-01-03 20:30:00,transformation,233.04,1426,1.586,41.21,640.3,376.1,21,success
2024-01-03 20:40:00,transformation,233.26,1347,1.921,39.02,665.2,377.2,26,warning
2024-01-03 20:50:00,validation,252.87,1350,3.187,37.61,716.5,338.9,27,success
2024-01-03 21:00:00,ingestion,227.41,1401,1.856,42.21,653.9,385.8,20,success
2024-01-03 21:10:00,transformation,232.57,1291,3.117,41.79,608.4,321.6,21,success
2024-01-03 21:20:00,ingestion,236.98,1361,2.895,36.56,597.8,380.4,25,success
2024-01-03 21:30:00,validation,230.07,1320,2.142,37.8,643.2,360.6,23,success
2024-01-03 21:40:00,ingestion,219.92,1324,1.835,38.84,683.3,370.6,20,success
2024-01-03 21:50:00,loading,228.8,1400,2.812,41.02,674.7,343.8,21,success
2024-01-03 22:00:00,validation,241.2,1338,2.292,39.43,663.8,319.0,21,warning
2024-01-03 22:10:00,transformation,208.85,1318,1.316,43.07,702.0,376.8,17,warning
2024-01-03 22:20:00,transformation,225.33,1320,2.534,31.54,600.8,375.8,20,success
2024-01-03 22:30:00,ingestion,211.86,1454,2.327,34.43,633.1,386.9,18,success
2024-01-03 22:40:00,ingestion,239.26,1410,2.961,42.12,643.8,368.3,23,success
2024-01-03 22:50:00,loading,197.41,1333,2.149,36.98,633.3,388.9,17,success
2024-01-03 23:00:00,loading,210.74,1391,1.833,45.29,640.3,355.1,19,success
2024-01-03 23:10:00,ingestion,223.6,1310,2.871,45.5,660.9,381.2,15,success
2024-01-03 23:20:00,transformation,240.2,1453,3.085,42.96,661.5,335.2,21,success
2024-01-03 23:30:00,validation,214.47,1370,2.261,35.19,624.0,393.5,23,success
2024-01-03 23:40:00,transformation,205.82,1204,2.088,43.33,658.8,374.8,16,success
2024-01-03 23:50:00,ingestion,241.03,1271,1.749,40.06,664.4,354.4,22,success
2024-01-04 00:00:00,ingestion,189.72,1257,1.593,31.42,659.1,403.5,15,success
2024-01-04 00:10:00,ingestion,177.06,1177,2.151,30.66,658.6,413.8,20,success
2024-01-04 00:20:00,validation,215.21,1325,1.873,47.46,701.0,386.3,18,success
2024-01-04 00:30:00,transformation,199.63,1238,1.268,45.33,632.9,363.8,16,success
2024-01-04 00:40:00,transformation,190.38,1296,3.652,26.85,595.2,401.0,21,success
2024-01-04 00:50:00,loading,214.85,1456,1.417,35.05,626.4,354.8,14,success
2024-01-04 01:00:00,transformation,524.28,1834,6.371,53.21,678.5,201.2,46,success
2024-01-04 01:10:00,loading,192.77,1284,1.774,39.17,659.4,355.8,22,success
2024-01-04 01:20:00,transformation,180.53,1319,1.763,43.29,615.7,389.8,16,success
2024-01-04 01:30:00,ingestion,211.32,1282,1.777,38.92,699.0,356.8,20,success
2024-01-04 01:40:00,loading,483.2,1840,5.223,50.87,725.9,227.5,41,success
2024-01-04 01:50:00,transformation,193.77,1349,1.218,40.26,667.3,406.0,16,success
2024-01-04 02:00:00,ingestion,221.48,1357,1.295,38.17,643.7,371.1,15,success
2024-01-04 02:10:00,transformation,176.27,1294,2.568,44.7,705.3,397.6,23,success
2024-01-04 02:20:00,ingestion,168.0,1432,1.278,42.49,681.4,413.3,14,success
2024-01-04 02:30:00,transformation,179.09,1361,2.164,43.68,698.1,415.0,16,success
2024-01-04 02:40:00,loading,187.39,1475,1.331,42.91,660.4,388.3,21,success
2024-01-04 02:50:00,loading,190.36,1347,2.258,37.77,697.9,375.8,20,success
2024-01-04 03:00:00,loading,181.77,1173,2.659,45.64,706.7,403.9,20,success
2024-01-04 03:10:00,ingestion,189.37,1282,1.63,41.0,670.8,349.2,14,success
2024-01-04 03:20:00,transformation,164.07,1126,0.674,35.11,672.6,419.8,16,success
2024-01-04 03:30:00,ingestion,203.29,1367,2.877,46.9,663.6,363.8,29,success
2024-01-04 03:40:00,loading,179.24,1346,2.256,33.59,594.5,387.7,21,warning
2024-01-04 03:50:00,transformation,196.12,1242,1.724,49.81,696.0,400.6,19,success
2024-01-04 04:00:00,transformation,183.44,1241,1.725,37.72,642.3,381.6,19,success
2024-01-04 04:10:00,validation,184.14,1306,1.286,33.25,622.4,402.5,15,success
2024-01-04 04:20:00,transformation,184.88,1199,2.559,47.51,714.8,411.9,18,success
2024-01-04 04:30:00,transformation,182.16,1189,1.554,35.52,641.3,392.9,16,success
2024-01-04 04:40:00,loading,184.25,1393,1.133,42.11,667.3,395.7,14,success
2024-01-04 04:50:00,loading,193.78,1319,2.045,43.37,654.0,381.3,17,success
2024-01-04 05:00:00,ingestion,176.09,1237,1.331,44.48,694.1,396.7,15,success
2024-01-04 05:10:00,transformation,183.14,1157,1.316,38.85,669.0,367.8,16,success
2024-01-04 05:20:00,loading,170.6,1341,1.491,36.88,667.3,391.8,15,success
2024-01-04 05:30:00,ingestion,438.68,1647,4.43,45.8,657.4,211.0,36,success
2024-01-04 05:40:00,transformation,160.88,1406,0.918,38.99,687.6,385.5,15,success
2024-01-04 05:50:00,ingestion,197.69,1385,2.669,42.02,714.2,341.3,20,success
2024-01-04 06:00:00,transformation,349.75,1494,3.836,50.55,714.2,295.4,34,success
2024-01-04 06:10:00,ingestion,148.73,1180,1.305,41.48,632.9,444.6,15,success
2024-01-04 06:20:00,transformation,171.98,1412,1.268,42.21,635.7,387.7,22,success
2024-01-04 06:30:00,ingestion,159.79,1248,1.553,42.41,649.2,423.4,17,success
2024-01-04 06:40:00,transformation,182.63,1251,2.276,42.82,644.9,412.9,17,success
2024-01-04 06:50:00,loading,160.33,1258,1.976,33.48,627.0,379.8,21,success
2024-01-04 07:00:00,validation,163.59,1220,2.165,38.51,665.8,382.2,17,success
2024-01-04 07:10:00,validation,142.19,1246,1.182,51.5,700.9,434.5,7,success
2024-01-04 07:20:00,transformation,164.06,1256,0.178,44.9,675.2,399.7,13,success
2024-01-04 07:30:00,ingestion,134.88,1285,1.973,36.76,633.4,393.3,14,success
2024-01-04 07:40:00,ingestion,147.94,1205,1.396,35.06,632.5,398.5,20,success
2024-01-04 07:50:00,loading,183.64,1223,2.169,35.16,659.0,398.2,15,success
2024-01-04 08:00:00,transformation,184.62,1267,2.681,43.34,603.3,373.3,18,success
2024-01-04 08:10:00,ingestion,179.88,1259,3.016,46.92,675.9,336.6,23,success
2024-01-04 08:20:00,validation,159.73,1249,1.272,41.65,666.4,397.7,16,success
2024-01-04 08:30:00,ingestion,174.32,1329,1.81,40.72,678.0,390.6,16,success
2024-01-04 08:40:00,ingestion,175.85,1327,2.442,37.68,613.6,394.7,16,success
2024-01-04 08:50:00,loading,159.45,1351,1.172,41.91,626.8,429.5,16,success
2024-01-04 09:00:00,loading,200.36,1255,1.713,34.72,651.0,380.9,18,success
2024-01-04 09:10:00,transformation,192.0,1338,1.626,30.39,561.2,389.7,15,success
2024-01-04 09:20:00,loading,176.62,1340,1.752,48.28,720.9,415.1,15,success
2024-01-04 09:30:00,validation,181.48,1236,1.705,33.51,636.1,391.3,15,success
2024-01-04 09:40:00,validation,185.39,1280,1.557,37.58,690.3,431.5,14,success
2024-01-04 09:50:00,ingestion,152.86,1104,1.046,39.84,618.8,383.0,17,success
2024-01-04 10:00:00,ingestion,181.06,1362,2.217,47.6,665.5,372.7,20,success
2024-01-04 10:10:00,transformation,175.84,1264,2.427,40.25,580.6,406.8,21,success
2024-01-04 10:20:00,loading,172.39,1340,2.465,34.13,607.6,421.7,18,success
2024-01-04 10:30:00,transformation,184.58,1311,1.605,38.16,640.0,385.2,16,success
2024-01-04 10:40:00,ingestion,217.17,1332,2.599,36.59,581.2,349.5,20,success
2024-01-04 10:50:00,ingestion,201.24,1194,2.131,37.72,632.2,414.5,22,success
2024-01-04 11:00:00,validation,184.51,1182,1.56,43.89,606.0,373.4,11,success
2024-01-04 11:10:00,ingestion,203.14,1117,2.399,24.07,588.5,384.9,18,success
