telemetry_id,device_id,timestamp,temperature,humidity,pressure,status,date,battery_voltage
TEL-20240803-00101,DEV-0006,2024-08-03T20:45:58Z,47.59,69.42,1048.19,OK,2024-08-03,20.37
TEL-20240803-00498,DEV-0002,2024-08-03T19:57:45Z,29.8,71.53,1040.96,OK,2024-08-03,11.66
TEL-20240803-00131,DEV-0025,2024-08-03T01:51:21Z,29.76,70.17,1039.36,OK,2024-08-03,24.01
TEL-20240803-00113,DEV-0022,2024-08-03T03:00:29Z,85.03,48.13,1038.48,OK,2024-08-03,10.51
TEL-20240803-00320,DEV-0049,2024-08-03T16:32:54Z,42.13,86.11,1029.6,OK,2024-08-03,26.96
TEL-20240803-00031,DEV-0008,2024-08-03T10:59:13Z,41.49,36.81,1036.66,OK,2024-08-03,28.82
TEL-20240803-00220,DEV-0046,2024-08-03T03:31:10Z,94.29,35.72,1046.95,OK,2024-08-03,17.15
TEL-20240803-00040,DEV-0019,2024-08-03T14:33:22Z,35.72,22.88,1015.86,OK,2024-08-03,18.52
TEL-20240803-00391,DEV-0028,2024-08-03T17:08:07Z,51.72,82.8,1048.78,OK,2024-08-03,17.04
TEL-20240803-00344,DEV-0010,2024-08-03T16:18:39Z,60.98,31.38,1014.08,OK,2024-08-03,26.0
TEL-20240803-00370,DEV-0031,2024-08-03T19:42:11Z,62.35,84.92,1034.28,ERROR,2024-08-03,15.18
TEL-20240803-00483,DEV-0005,2024-08-03T11:40:35Z,86.02,44.15,980.99,OK,2024-08-03,15.49
TEL-20240803-00370,DEV-0031,2024-08-03T19:42:11Z,62.35,84.92,1034.28,ERROR,2024-08-03,15.18
TEL-20240803-00071,DEV-0035,2024-08-03T06:28:44Z,21.68,64.44,1016.6,OK,2024-08-03,17.81
TEL-20240803-00008,DEV-0024,2024-08-03T16:48:02Z,86.05,35.72,999.46,WARN,2024-08-03,20.65
TEL-20240803-00075,DEV-0033,2024-08-03T03:52:20Z,42.85,63.88,1023.73,ERROR,2024-08-03,17.9
TEL-20240803-00035,DEV-0033,2024-08-03T18:56:31Z,34.11,25.7,1012.95,ERROR,2024-08-03,11.3
TEL-20240803-00057,DEV-0048,2024-08-03T02:24:57Z,84.66,29.1,994.4,WARN,2024-08-03,26.36
TEL-20240803-00492,DEV-0017,2024-08-03T21:07:35Z,87.28,65.65,992.46,OK,2024-08-03,27.11
TEL-20240803-00392,DEV-0022,2024-08-03T13:58:03Z,36.34,26.44,980.7,WARN,2024-08-03,24.95
TEL-20240803-00496,DEV-0045,2024-08-03T22:16:17Z,66.15,87.98,1037.63,WARN,2024-08-03,29.94
TEL-20240803-00053,DEV-0013,2024-08-03T15:06:21Z,61.85,51.61,1042.63,OK,2024-08-03,13.43
TEL-20240803-00058,DEV-0043,2024-08-03T15:10:38Z,62.28,41.72,994.21,WARN,2024-08-03,15.51
TEL-20240803-00016,DEV-0027,2024-08-03T07:55:38Z,78.64,63.68,1011.74,WARN,2024-08-03,25.9
TEL-20240803-00348,DEV-0006,2024-08-03T09:14:02Z,54.43,44.82,1036.82,WARN,2024-08-03,18.45
TEL-20240803-00110,DEV-0001,2024-08-03T21:37:50Z,94.05,26.78,1016.56,OK,2024-08-03,17.51
TEL-20240803-00135,DEV-0049,2024-08-03T18:55:51Z,22.17,85.42,1001.29,OK,2024-08-03,21.54
TEL-20240803-00486,DEV-0009,2024-08-03T16:37:41Z,76.99,43.11,1034.04,ERROR,2024-08-03,22.1
TEL-20240803-00343,DEV-0030,2024-08-03T18:50:50Z,44.72,27.71,980.58,OK,2024-08-03,19.33
TEL-20240803-00123,DEV-0039,2024-08-03T02:41:21Z,47.03,70.22,1031.52,WARN,2024-08-03,23.08
TEL-20240803-00062,DEV-0047,2024-08-03T13:29:24Z,88.13,32.84,1019.8,WARN,2024-08-03,23.97
TEL-20240803-00186,DEV-0016,2024-08-03T21:52:27Z,33.28,69.45,1036.7,ERROR,2024-08-03,22.22
TEL-20240803-00299,DEV-0048,2024-08-03T08:52:20Z,65.96,62.51,1010.05,ERROR,2024-08-03,17.06
TEL-20240803-00431,DEV-0016,2024-08-03T22:18:07Z,43.93,77.73,1003.56,ERROR,2024-08-03,22.33
TEL-20240803-00038,DEV-0038,2024-08-03T20:02:13Z,34.9,34.21,1040.42,WARN,2024-08-03,14.37
TEL-20240803-00272,DEV-0008,2024-08-03T22:31:41Z,94.93,48.98,1004.62,ERROR,2024-08-03,18.52
TEL-20240803-00270,DEV-0048,2024-08-03T06:26:44Z,60.05,31.63,1006.43,OK,2024-08-03,14.2
TEL-20240803-00337,DEV-0001,2024-08-03T11:19:45Z,43.7,56.25,1026.48,ERROR,2024-08-03,19.69
TEL-20240803-00217,DEV-0029,2024-08-03T05:19:21Z,54.88,37.07,1018.05,OK,2024-08-03,22.55
TEL-20240803-00309,DEV-0027,2024-08-03T23:19:17Z,42.42,44.21,985.58,OK,2024-08-03,19.88
TEL-20240803-00165,DEV-0028,2024-08-03T16:45:56Z,89.13,36.01,1024.49,OK,2024-08-03,28.95
TEL-20240803-00041,DEV-0030,2024-08-03T13:26:23Z,79.95,42.19,1006.77,OK,2024-08-03,18.83
TEL-20240803-00262,DEV-0014,2024-08-03T01:13:55Z,19.77,73.1,1009.6,OK,2024-08-03,22.71
TEL-20240803-00417,DEV-0021,2024-08-03T19:50:23Z,43.79,48.57,1025.64,WARN,2024-08-03,28.85
TEL-20240803-00322,DEV-0026,2024-08-03T06:04:17Z,50.58,68.04,1046.6,ERROR,2024-08-03,22.97
TEL-20240803-00363,DEV-0048,2024-08-03T21:15:10Z,57.39,68.97,994.02,WARN,2024-08-03,15.8
TEL-20240803-00446,DEV-0003,2024-08-03T13:06:59Z,72.29,56.49,993.33,ERROR,2024-08-03,23.22
TEL-20240803-00200,DEV-0045,2024-08-03T06:47:52Z,48.61,67.93,1040.92,OK,2024-08-03,13.31
TEL-20240803-00464,DEV-0008,2024-08-03T12:41:25Z,28.1,71.84,998.9,OK,2024-08-03,11.53
TEL-20240803-00489,DEV-0029,2024-08-03T13:42:30Z,43.19,55.03,988.21,ERROR,2024-08-03,17.86
TEL-20240803-00351,DEV-0037,2024-08-03T20:29:34Z,32.12,74.77,1038.37,OK,2024-08-03,12.77
TEL-20240803-00027,DEV-0025,2024-08-03T06:25:11Z,81.61,20.47,980.69,OK,2024-08-03,10.6
TEL-20240803-00281,DEV-0039,2024-08-03T10:21:10Z,91.86,89.5,996.93,WARN,2024-08-03,13.85
TEL-20240803-00343,DEV-0030,2024-08-03T18:50:50Z,44.72,27.71,980.58,OK,2024-08-03,19.33
TEL-20240803-00500,DEV-0013,2024-08-03T20:39:47Z,19.28,78.61,1039.38,OK,2024-08-03,27.95
TEL-20240803-00399,DEV-0048,2024-08-03T17:13:07Z,46.67,77.15,989.94,OK,2024-08-03,23.97
TEL-20240803-00233,DEV-0028,2024-08-03T11:03:44Z,26.16,60.71,1013.38,ERROR,2024-08-03,27.41
TEL-20240803-00261,DEV-0021,2024-08-03T18:02:38Z,77.61,24.37,1036.6,WARN,2024-08-03,29.57
TEL-20240803-00167,DEV-0004,2024-08-03T02:47:18Z,60.67,54.5,1041.2,WARN,2024-08-03,23.54
TEL-20240803-00083,DEV-0019,2024-08-03T06:09:24Z,33.74,22.65,1044.64,ERROR,2024-08-03,29.77
TEL-20240803-00482,DEV-0013,2024-08-03T06:44:06Z,59.41,43.17,984.28,WARN,2024-08-03,21.89
TEL-20240803-00081,DEV-0033,2024-08-03T20:47:14Z,56.76,69.32,980.93,OK,2024-08-03,22.33
TEL-20240803-00366,DEV-0042,2024-08-03T21:39:28Z,21.28,83.49,1047.4,WARN,2024-08-03,27.65
TEL-20240803-00438,DEV-0018,2024-08-03T18:56:39Z,42.21,44.31,991.59,OK,2024-08-03,15.48
TEL-20240803-00111,DEV-0034,2024-08-03T08:59:31Z,54.44,43.59,1010.06,OK,2024-08-03,23.64
TEL-20240803-00284,DEV-0041,2024-08-03T18:50:25Z,82.91,63.91,998.22,ERROR,2024-08-03,13.18
TEL-20240803-00208,DEV-0002,2024-08-03T17:42:55Z,77.92,74.64,987.45,WARN,2024-08-03,28.91
TEL-20240803-00466,DEV-0010,2024-08-03T03:47:37Z,79.03,33.6,1022.4,OK,2024-08-03,25.7
TEL-20240803-00449,DEV-0006,2024-08-03T16:54:46Z,75.71,20.22,984.71,ERROR,2024-08-03,22.22
TEL-20240803-00491,DEV-0014,2024-08-03T05:40:53Z,39.39,30.0,1010.61,WARN,2024-08-03,19.8
TEL-20240803-00106,DEV-0011,2024-08-03T05:23:11Z,72.21,33.86,992.74,OK,2024-08-03,19.01
TEL-20240803-00070,DEV-0049,2024-08-03T00:43:17Z,29.82,45.07,995.17,OK,2024-08-03,27.85
TEL-20240803-00090,DEV-0020,2024-08-03T09:36:28Z,92.51,34.1,1040.37,WARN,2024-08-03,11.6
TEL-20240803-00441,DEV-0003,2024-08-03T17:34:51Z,33.03,54.19,1037.57,OK,2024-08-03,14.06
TEL-20240803-00034,DEV-0038,2024-08-03T06:54:34Z,40.65,30.4,997.3,OK,2024-08-03,27.46
TEL-20240803-00074,DEV-0005,2024-08-03T07:56:06Z,79.36,78.13,991.75,OK,2024-08-03,10.88
TEL-20240803-00025,DEV-0011,2024-08-03T03:29:56Z,78.77,22.95,995.36,OK,2024-08-03,22.78
TEL-20240803-00318,DEV-0016,2024-08-03T21:41:47Z,83.9,68.65,985.26,WARN,2024-08-03,11.21
TEL-20240803-00254,DEV-0009,2024-08-03T03:36:31Z,21.05,80.13,1008.07,ERROR,2024-08-03,28.34
TEL-20240803-00214,DEV-0001,2024-08-03T19:06:24Z,47.57,27.7,980.95,OK,2024-08-03,12.64
TEL-20240803-00196,DEV-0020,2024-08-03T23:30:48Z,33.55,70.45,983.07,OK,2024-08-03,18.36
TEL-20240803-00229,DEV-0027,2024-08-03T16:36:49Z,71.4,72.38,1029.22,OK,2024-08-03,17.23
TEL-20240803-00190,DEV-0018,2024-08-03T11:17:22Z,72.79,37.29,1042.66,OK,2024-08-03,10.82
TEL-20240803-00278,DEV-0023,2024-08-03T14:26:58Z,81.17,69.27,1031.88,OK,2024-08-03,28.79
TEL-20240803-00232,DEV-0015,2024-08-03T01:47:08Z,27.03,68.7,990.02,OK,2024-08-03,23.92
TEL-20240803-00164,DEV-0027,2024-08-03T22:29:11Z,51.8,44.78,1012.81,OK,2024-08-03,15.52
TEL-20240803-00490,DEV-0050,2024-08-03T12:45:30Z,45.33,78.71,1002.19,OK,2024-08-03,27.67
TEL-20240803-00044,DEV-0017,2024-08-03T09:47:52Z,77.17,79.18,993.34,ERROR,2024-08-03,29.96
TEL-20240803-00207,DEV-0004,2024-08-03T20:52:00Z,81.44,35.35,1047.57,OK,2024-08-03,15.12
TEL-20240803-00414,DEV-0046,2024-08-03T07:03:45Z,94.38,88.27,981.13,OK,2024-08-03,20.81
TEL-20240803-00342,DEV-0018,2024-08-03T09:12:02Z,62.62,69.13,1038.39,OK,2024-08-03,18.67
TEL-20240803-00149,DEV-0024,2024-08-03T17:10:27Z,93.24,66.07,997.38,OK,2024-08-03,28.92
TEL-20240803-00256,DEV-0017,2024-08-03T21:02:39Z,93.26,23.99,1035.34,ERROR,2024-08-03,10.16
TEL-20240803-00249,DEV-0050,2024-08-03T10:28:50Z,28.1,40.36,1023.64,WARN,2024-08-03,10.8
TEL-20240803-00183,DEV-0007,2024-08-03T00:08:09Z,44.5,20.96,1027.91,OK,2024-08-03,23.57
TEL-20240803-00209,DEV-0017,2024-08-03T20:40:38Z,60.42,77.18,995.44,OK,2024-08-03,14.08
TEL-20240803-00150,DEV-0034,2024-08-03T09:42:34Z,52.26,60.4,1028.66,ERROR,2024-08-03,28.22
TEL-20240803-00422,DEV-0034,2024-08-03T01:38:30Z,68.76,56.42,1002.19,OK,2024-08-03,26.72
TEL-20240803-00407,DEV-0016,2024-08-03T04:58:00Z,39.61,67.78,999.21,OK,2024-08-03,25.43
TEL-20240803-00369,DEV-0046,2024-08-03T04:17:50Z,76.72,41.21,1007.58,WARN,2024-08-03,17.53
TEL-20240803-00463,DEV-0003,2024-08-03T05:18:19Z,19.87,64.21,1028.16,OK,2024-08-03,15.45
TEL-20240803-00144,DEV-0045,2024-08-03T13:19:36Z,27.64,42.77,1029.96,ERROR,2024-08-03,13.7
TEL-20240803-00153,DEV-0009,2024-08-03T23:39:27Z,23.73,37.85,1006.72,OK,2024-08-03,18.0
TEL-20240803-00445,DEV-0018,2024-08-03T14:40:47Z,57.49,74.39,1029.48,OK,2024-08-03,27.85
TEL-20240803-00279,DEV-0015,2024-08-03T16:18:17Z,85.73,38.51,1038.69,WARN,2024-08-03,23.47
TEL-20240803-00174,DEV-0048,2024-08-03T20:36:25Z,34.74,41.34,1045.32,ERROR,2024-08-03,26.51
TEL-20240803-00221,DEV-0040,2024-08-03T10:07:23Z,89.1,84.39,1042.69,ERROR,2024-08-03,13.02
TEL-20240803-00380,DEV-0040,2024-08-03T17:54:08Z,79.72,50.72,1023.78,OK,2024-08-03,21.38
TEL-20240803-00237,DEV-0012,2024-08-03T16:10:00Z,48.52,49.65,1046.38,WARN,2024-08-03,21.08
TEL-20240803-00472,DEV-0026,2024-08-03T19:53:30Z,58.3,78.78,1033.24,OK,2024-08-03,25.35
TEL-20240803-00298,DEV-0050,2024-08-03T18:19:10Z,79.15,86.76,1014.15,WARN,2024-08-03,18.47
TEL-20240803-00325,DEV-0010,2024-08-03T12:32:27Z,57.11,23.72,999.08,OK,2024-08-03,10.98
TEL-20240803-00064,DEV-0047,2024-08-03T06:58:31Z,49.67,73.33,988.49,OK,2024-08-03,11.53
TEL-20240803-00252,DEV-0030,2024-08-03T10:10:59Z,40.76,24.77,1020.36,OK,2024-08-03,11.78
TEL-20240803-00409,DEV-0050,2024-08-03T19:00:07Z,41.63,66.25,1038.52,OK,2024-08-03,18.88
TEL-20240803-00455,DEV-0016,2024-08-03T00:18:17Z,57.08,82.29,1034.8,OK,2024-08-03,21.25
TEL-20240803-00382,DEV-0019,2024-08-03T08:24:45Z,45.56,81.07,991.05,OK,2024-08-03,11.5
TEL-20240803-00440,DEV-0043,2024-08-03T08:09:06Z,33.93,78.72,1032.84,OK,2024-08-03,21.97
TEL-20240803-00189,DEV-0041,2024-08-03T07:14:21Z,50.81,24.29,1009.9,OK,2024-08-03,16.09
TEL-20240803-00161,DEV-0049,2024-08-03T12:11:22Z,80.07,67.45,1035.21,ERROR,2024-08-03,21.89
TEL-20240803-00188,DEV-0010,2024-08-03T13:01:39Z,33.37,80.5,1006.62,ERROR,2024-08-03,16.13
TEL-20240803-00151,DEV-0023,2024-08-03T19:34:32Z,34.16,26.93,1037.38,OK,2024-08-03,10.73
TEL-20240803-00319,DEV-0001,2024-08-03T21:13:29Z,81.03,33.15,987.32,OK,2024-08-03,26.28
TEL-20240803-00146,DEV-0038,2024-08-03T17:45:52Z,78.84,28.69,1032.71,OK,2024-08-03,13.61
TEL-20240803-00430,DEV-0009,2024-08-03T16:55:33Z,88.73,83.3,1004.81,WARN,2024-08-03,23.94
TEL-20240803-00448,DEV-0017,2024-08-03T15:09:31Z,80.67,71.35,999.78,OK,2024-08-03,22.7
TEL-20240803-00442,DEV-0037,2024-08-03T13:46:28Z,58.11,78.17,1000.65,OK,2024-08-03,24.33
TEL-20240803-00423,DEV-0019,2024-08-03T07:21:15Z,79.52,88.42,996.16,OK,2024-08-03,24.96
TEL-20240803-00170,DEV-0048,2024-08-03T21:58:52Z,94.94,86.15,1027.89,OK,2024-08-03,22.15
TEL-20240803-00010,DEV-0028,2024-08-03T02:58:15Z,33.16,43.05,984.4,OK,2024-08-03,10.56
TEL-20240803-00077,DEV-0014,2024-08-03T14:14:04Z,68.66,39.49,1023.67,OK,2024-08-03,11.35
TEL-20240803-00317,DEV-0047,2024-08-03T15:14:05Z,38.31,40.74,985.8,ERROR,2024-08-03,26.71
TEL-20240803-00115,DEV-0043,2024-08-03T06:00:40Z,91.73,76.88,981.16,OK,2024-08-03,27.47
TEL-20240803-00364,DEV-0043,2024-08-03T03:37:31Z,46.29,39.26,1007.01,OK,2024-08-03,19.28
TEL-20240803-00416,DEV-0021,2024-08-03T18:23:53Z,81.35,49.12,1024.93,OK,2024-08-03,12.86
TEL-20240803-00439,DEV-0029,2024-08-03T07:56:10Z,40.21,84.24,1049.22,OK,2024-08-03,28.49
TEL-20240803-00484,DEV-0028,2024-08-03T18:46:19Z,46.28,73.69,1045.4,ERROR,2024-08-03,20.82
TEL-20240803-00169,DEV-0040,2024-08-03T06:58:53Z,75.44,69.99,1029.18,OK,2024-08-03,14.88
TEL-20240803-00266,DEV-0045,2024-08-03T18:24:52Z,18.76,74.82,1021.8,OK,2024-08-03,24.45
TEL-20240803-00139,DEV-0008,2024-08-03T16:41:21Z,63.69,87.88,1023.89,WARN,2024-08-03,14.9
TEL-20240803-00007,DEV-0042,2024-08-03T01:54:20Z,51.31,89.66,999.18,ERROR,2024-08-03,19.33
TEL-20240803-00468,DEV-0019,2024-08-03T13:05:14Z,92.45,59.27,1013.83,ERROR,2024-08-03,20.13
TEL-20240803-00435,DEV-0029,2024-08-03T05:32:46Z,63.28,86.13,986.78,OK,2024-08-03,19.87
TEL-20240803-00408,DEV-0019,2024-08-03T10:36:25Z,20.97,39.2,998.81,OK,2024-08-03,25.65
TEL-20240803-00065,DEV-0007,2024-08-03T16:49:49Z,43.1,51.57,997.69,ERROR,2024-08-03,10.89
TEL-20240803-00250,DEV-0046,2024-08-03T21:24:15Z,34.08,62.73,985.25,OK,2024-08-03,21.34
TEL-20240803-00087,DEV-0025,2024-08-03T16:20:11Z,52.06,20.42,1040.89,OK,2024-08-03,29.07
TEL-20240803-00307,DEV-0037,2024-08-03T00:18:01Z,67.56,79.93,1049.16,WARN,2024-08-03,15.69
TEL-20240803-00118,DEV-0034,2024-08-03T18:50:54Z,73.18,22.22,1014.85,OK,2024-08-03,16.03
TEL-20240803-00285,DEV-0021,2024-08-03T06:05:05Z,19.97,20.81,1033.9,OK,2024-08-03,10.56
TEL-20240803-00032,DEV-0040,2024-08-03T13:56:45Z,23.03,30.11,1044.69,OK,2024-08-03,13.83
TEL-20240803-00467,DEV-0028,2024-08-03T16:47:01Z,41.27,52.12,986.98,ERROR,2024-08-03,19.43
TEL-20240803-00222,DEV-0028,2024-08-03T16:21:38Z,31.97,49.77,1042.52,OK,2024-08-03,22.5
TEL-20240803-00119,DEV-0044,2024-08-03T17:55:29Z,30.94,51.24,988.1,ERROR,2024-08-03,14.82
TEL-20240803-00013,DEV-0049,2024-08-03T03:40:28Z,62.58,25.99,984.25,OK,2024-08-03,17.55
TEL-20240803-00230,DEV-0014,2024-08-03T00:23:35Z,54.49,29.35,987.71,OK,2024-08-03,17.22
TEL-20240803-00456,DEV-0021,2024-08-03T08:43:20Z,49.66,76.63,1009.76,OK,2024-08-03,28.25
TEL-20240803-00132,DEV-0004,2024-08-03T05:54:31Z,74.01,40.94,1037.05,OK,2024-08-03,29.82
TEL-20240803-00051,DEV-0038,2024-08-03T00:36:50Z,20.48,29.74,1048.41,OK,2024-08-03,21.36
TEL-20240803-00181,DEV-0011,2024-08-03T21:12:30Z,91.9,88.81,988.32,WARN,2024-08-03,21.0
TEL-20240803-00427,DEV-0019,2024-08-03T10:20:07Z,24.28,49.47,1048.83,ERROR,2024-08-03,19.88
TEL-20240803-00265,DEV-0023,2024-08-03T13:30:30Z,59.23,74.87,1047.59,WARN,2024-08-03,17.09
TEL-20240803-00493,DEV-0050,2024-08-03T21:22:46Z,50.65,63.19,1041.34,OK,2024-08-03,17.65
TEL-20240803-00339,DEV-0010,2024-08-03T11:31:01Z,36.82,71.87,1048.13,OK,2024-08-03,14.13
TEL-20240803-00328,DEV-0003,2024-08-03T18:17:15Z,23.07,27.07,995.85,ERROR,2024-08-03,23.99
TEL-20240803-00274,DEV-0028,2024-08-03T12:18:54Z,68.79,67.62,1024.39,ERROR,2024-08-03,28.76
TEL-20240803-00418,DEV-0019,2024-08-03T19:01:10Z,46.36,40.36,990.5,ERROR,2024-08-03,10.51
TEL-20240803-00420,DEV-0014,2024-08-03T12:53:37Z,20.51,70.84,1006.68,OK,2024-08-03,29.1
TEL-20240803-00213,DEV-0028,2024-08-03T07:29:58Z,67.67,48.18,1030.7,OK,2024-08-03,24.54
TEL-20240803-00029,DEV-0013,2024-08-03T06:18:11Z,34.86,38.34,992.2,ERROR,2024-08-03,14.92
TEL-20240803-00474,DEV-0001,2024-08-03T08:44:13Z,76.14,75.63,1018.19,OK,2024-08-03,29.19
TEL-20240803-00341,DEV-0029,2024-08-03T16:11:16Z,88.1,44.42,1003.18,ERROR,2024-08-03,18.35
TEL-20240803-00315,DEV-0009,2024-08-03T10:55:09Z,75.98,82.15,1047.61,WARN,2024-08-03,22.74
TEL-20240803-00122,DEV-0035,2024-08-03T20:46:31Z,24.96,68.42,1041.04,ERROR,2024-08-03,25.33
TEL-20240803-00346,DEV-0023,2024-08-03T21:53:00Z,21.84,29.64,1041.51,ERROR,2024-08-03,23.31
TEL-20240803-00247,DEV-0003,2024-08-03T09:10:09Z,70.54,25.51,1023.82,OK,2024-08-03,27.69
TEL-20240803-00433,DEV-0028,2024-08-03T09:48:30Z,71.91,71.34,1030.66,ERROR,2024-08-03,28.33
TEL-20240803-00293,DEV-0022,2024-08-03T11:30:39Z,64.2,20.35,1016.52,OK,2024-08-03,28.53
TEL-20240803-00030,DEV-0013,2024-08-03T00:11:53Z,38.16,27.08,1038.2,OK,2024-08-03,17.58
TEL-20240803-00267,DEV-0038,2024-08-03T19:09:20Z,69.13,77.65,1031.4,OK,2024-08-03,10.28
TEL-20240803-00215,DEV-0050,2024-08-03T02:17:09Z,90.27,61.97,1035.47,OK,2024-08-03,29.15
TEL-20240803-00185,DEV-0016,2024-08-03T19:09:46Z,57.37,37.46,1033.67,OK,2024-08-03,29.89
TEL-20240803-00413,DEV-0015,2024-08-03T03:41:02Z,32.19,55.47,1010.82,OK,2024-08-03,10.84
TEL-20240803-00257,DEV-0007,2024-08-03T09:24:10Z,61.9,79.77,995.61,WARN,2024-08-03,23.38
TEL-20240803-00287,DEV-0050,2024-08-03T11:11:15Z,68.24,35.52,993.57,OK,2024-08-03,24.53
TEL-20240803-00340,DEV-0006,2024-08-03T06:58:24Z,67.18,87.58,1041.4,ERROR,2024-08-03,27.98
TEL-20240803-00356,DEV-0006,2024-08-03T01:17:53Z,93.94,27.49,1021.6,OK,2024-08-03,21.31
TEL-20240803-00201,DEV-0049,2024-08-03T16:24:35Z,78.01,48.06,999.0,OK,2024-08-03,10.07
TEL-20240803-00271,DEV-0013,2024-08-03T21:36:00Z,46.51,45.47,1001.14,OK,2024-08-03,20.04
TEL-20240803-00282,DEV-0042,2024-08-03T12:53:03Z,79.7,60.45,989.02,WARN,2024-08-03,29.55
TEL-20240803-00117,DEV-0031,2024-08-03T21:54:44Z,87.7,71.4,1000.57,OK,2024-08-03,24.24
TEL-20240803-00204,DEV-0035,2024-08-03T07:18:02Z,67.25,85.94,999.44,OK,2024-08-03,15.41
TEL-20240803-00255,DEV-0009,2024-08-03T14:23:32Z,83.05,86.64,1006.16,WARN,2024-08-03,20.12
TEL-20240803-00335,DEV-0019,2024-08-03T07:33:32Z,30.88,30.26,986.57,OK,2024-08-03,26.08
TEL-20240803-00397,DEV-0019,2024-08-03T20:15:33Z,86.76,42.32,1017.9,OK,2024-08-03,11.08
TEL-20240803-00033,DEV-0025,2024-08-03T22:23:20Z,64.17,88.39,997.12,OK,2024-08-03,25.26
TEL-20240803-00347,DEV-0050,2024-08-03T17:09:05Z,72.92,29.99,1031.31,WARN,2024-08-03,21.7
TEL-20240803-00434,DEV-0033,2024-08-03T02:09:57Z,18.6,61.51,1027.17,WARN,2024-08-03,17.59
TEL-20240803-00004,DEV-0048,2024-08-03T18:43:43Z,64.43,32.29,1021.17,OK,2024-08-03,12.55
TEL-20240803-00104,DEV-0037,2024-08-03T11:52:09Z,38.71,34.67,1032.38,OK,2024-08-03,10.13
TEL-20240803-00424,DEV-0008,2024-08-03T22:15:28Z,74.43,81.62,1005.33,OK,2024-08-03,21.21
TEL-20240803-00026,DEV-0045,2024-08-03T07:29:39Z,34.41,53.65,1033.78,OK,2024-08-03,26.15
TEL-20240803-00188,DEV-0010,2024-08-03T13:01:39Z,33.37,80.5,1006.62,ERROR,2024-08-03,16.13
TEL-20240803-00395,DEV-0026,2024-08-03T15:42:07Z,68.56,25.35,1045.69,OK,2024-08-03,19.9
TEL-20240803-00294,DEV-0013,2024-08-03T19:01:34Z,19.77,55.82,990.66,OK,2024-08-03,12.3
TEL-20240803-00022,DEV-0043,2024-08-03T21:09:03Z,36.28,77.34,1019.16,OK,2024-08-03,18.44
TEL-20240803-00461,DEV-0026,2024-08-03T22:14:18Z,79.7,83.75,1003.21,OK,2024-08-03,21.06
TEL-20240803-00313,DEV-0045,2024-08-03T01:16:56Z,78.44,27.76,1046.3,OK,2024-08-03,15.27
TEL-20240803-00386,DEV-0043,2024-08-03T01:15:31Z,23.61,86.36,1043.3,OK,2024-08-03,16.92
TEL-20240803-00487,DEV-0048,2024-08-03T19:42:58Z,54.45,31.77,1034.84,OK,2024-08-03,11.83
TEL-20240803-00241,DEV-0024,2024-08-03T20:27:12Z,38.78,27.31,1005.39,OK,2024-08-03,10.56
TEL-20240803-00310,DEV-0004,2024-08-03T12:19:44Z,93.77,54.53,1024.88,OK,2024-08-03,26.86
TEL-20240803-00253,DEV-0012,2024-08-03T22:49:29Z,37.86,53.13,997.92,WARN,2024-08-03,23.01
TEL-20240803-00447,DEV-0041,2024-08-03T01:40:40Z,18.61,29.58,1006.33,OK,2024-08-03,23.47
TEL-20240803-00333,DEV-0012,2024-08-03T08:56:04Z,31.15,73.22,980.68,OK,2024-08-03,29.39
TEL-20240803-00009,DEV-0021,2024-08-03T00:25:12Z,43.77,81.61,1036.54,OK,2024-08-03,29.56
TEL-20240803-00124,DEV-0036,2024-08-03T13:51:14Z,35.21,28.1,986.14,OK,2024-08-03,16.8
TEL-20240803-00246,DEV-0048,2024-08-03T16:06:32Z,80.18,30.51,1021.1,WARN,2024-08-03,19.54
TEL-20240803-00354,DEV-0020,2024-08-03T07:37:32Z,46.73,63.46,1042.99,OK,2024-08-03,11.07
TEL-20240803-00100,DEV-0044,2024-08-03T04:16:15Z,64.37,86.62,1038.91,OK,2024-08-03,12.33
TEL-20240803-00406,DEV-0035,2024-08-03T14:27:36Z,73.38,73.83,998.21,WARN,2024-08-03,19.35
TEL-20240803-00469,DEV-0025,2024-08-03T00:31:46Z,48.31,46.09,1018.26,OK,2024-08-03,19.05
TEL-20240803-00039,DEV-0028,2024-08-03T12:36:10Z,90.03,46.19,1018.54,OK,2024-08-03,25.03
TEL-20240803-00275,DEV-0007,2024-08-03T02:51:53Z,25.99,65.47,1023.14,WARN,2024-08-03,12.07
TEL-20240803-00286,DEV-0046,2024-08-03T17:58:05Z,62.03,21.77,1031.39,WARN,2024-08-03,22.69
TEL-20240803-00264,DEV-0043,2024-08-03T08:11:53Z,22.14,82.65,1010.0,OK,2024-08-03,13.29
TEL-20240803-00099,DEV-0003,2024-08-03T11:40:45Z,70.08,68.82,1025.17,OK,2024-08-03,22.11
TEL-20240803-00465,DEV-0033,2024-08-03T23:45:48Z,74.41,21.41,1031.99,ERROR,2024-08-03,22.1
TEL-20240803-00024,DEV-0030,2024-08-03T19:44:21Z,83.6,59.63,1003.5,OK,2024-08-03,18.37
TEL-20240803-00385,DEV-0013,2024-08-03T10:56:48Z,22.57,34.3,1037.17,OK,2024-08-03,28.48
TEL-20240803-00078,DEV-0014,2024-08-03T13:19:49Z,64.11,88.82,987.13,ERROR,2024-08-03,25.83
TEL-20240803-00055,DEV-0025,2024-08-03T09:13:14Z,40.42,56.71,1011.83,OK,2024-08-03,20.37
TEL-20240803-00345,DEV-0001,2024-08-03T14:02:13Z,39.79,61.52,983.72,OK,2024-08-03,10.1
TEL-20240803-00049,DEV-0029,2024-08-03T17:01:23Z,28.7,81.16,1001.39,OK,2024-08-03,20.0
TEL-20240803-00128,DEV-0021,2024-08-03T04:52:18Z,82.47,54.99,1011.9,ERROR,2024-08-03,15.67
TEL-20240803-00036,DEV-0033,2024-08-03T12:48:56Z,67.67,55.64,1014.9,WARN,2024-08-03,13.58
TEL-20240803-00059,DEV-0001,2024-08-03T04:28:04Z,81.49,62.34,997.28,OK,2024-08-03,28.21
TEL-20240803-00365,DEV-0028,2024-08-03T04:01:18Z,53.2,59.49,980.77,OK,2024-08-03,10.68
TEL-20240803-00020,DEV-0003,2024-08-03T01:08:19Z,63.01,55.92,1025.62,OK,2024-08-03,16.22
TEL-20240803-00373,DEV-0050,2024-08-03T23:50:15Z,26.12,81.65,1030.97,WARN,2024-08-03,25.12
TEL-20240803-00311,DEV-0040,2024-08-03T03:01:14Z,21.68,20.73,987.36,OK,2024-08-03,27.23
TEL-20240803-00273,DEV-0049,2024-08-03T10:07:59Z,31.54,49.99,992.38,ERROR,2024-08-03,13.25
TEL-20240803-00314,DEV-0045,2024-08-03T19:50:51Z,47.23,68.91,1044.74,ERROR,2024-08-03,19.21
TEL-20240803-00398,DEV-0027,2024-08-03T22:39:31Z,39.54,34.25,989.6,ERROR,2024-08-03,14.61
TEL-20240803-00419,DEV-0039,2024-08-03T06:51:20Z,57.33,74.66,1015.57,ERROR,2024-08-03,24.26
TEL-20240803-00211,DEV-0012,2024-08-03T14:11:52Z,84.4,33.22,1014.34,OK,2024-08-03,22.95
TEL-20240803-00129,DEV-0048,2024-08-03T21:54:51Z,81.74,22.4,1002.41,ERROR,2024-08-03,29.81
TEL-20240803-00410,DEV-0002,2024-08-03T14:00:29Z,20.85,45.11,1024.64,ERROR,2024-08-03,14.36
TEL-20240803-00093,DEV-0010,2024-08-03T17:46:11Z,37.81,52.46,1011.75,WARN,2024-08-03,21.24
TEL-20240803-00436,DEV-0004,2024-08-03T18:33:57Z,58.44,55.58,1044.96,OK,2024-08-03,16.46
TEL-20240803-00488,DEV-0040,2024-08-03T04:09:10Z,54.61,20.02,985.45,OK,2024-08-03,12.74
TEL-20240803-00197,DEV-0046,2024-08-03T08:57:56Z,76.47,79.23,1019.22,OK,2024-08-03,27.9
TEL-20240803-00478,DEV-0036,2024-08-03T13:25:00Z,40.85,50.48,1000.6,OK,2024-08-03,20.45
TEL-20240803-00156,DEV-0010,2024-08-03T10:50:27Z,47.18,87.48,997.32,OK,2024-08-03,12.49
TEL-20240803-00227,DEV-0028,2024-08-03T15:44:26Z,64.33,64.56,989.68,OK,2024-08-03,17.66
TEL-20240803-00114,DEV-0008,2024-08-03T16:17:44Z,75.86,37.4,1011.63,WARN,2024-08-03,20.3
TEL-20240803-00014,DEV-0045,2024-08-03T02:50:08Z,22.77,76.17,983.84,ERROR,2024-08-03,22.52
TEL-20240803-00421,DEV-0015,2024-08-03T18:32:36Z,66.53,71.38,1017.73,OK,2024-08-03,26.95
TEL-20240803-00367,DEV-0030,2024-08-03T08:00:10Z,45.55,79.91,1015.22,OK,2024-08-03,28.05
TEL-20240803-00037,DEV-0046,2024-08-03T11:33:44Z,55.21,86.9,1013.16,ERROR,2024-08-03,18.02
TEL-20240803-00405,DEV-0048,2024-08-03T01:51:06Z,60.6,86.67,1045.27,OK,2024-08-03,27.17
TEL-20240803-00218,DEV-0008,2024-08-03T00:52:02Z,25.92,40.77,1015.81,WARN,2024-08-03,12.84
TEL-20240803-00145,DEV-0045,2024-08-03T00:25:35Z,80.94,74.84,1017.11,OK,2024-08-03,20.38
TEL-20240803-00168,DEV-0047,2024-08-03T04:30:31Z,57.66,89.86,1042.17,OK,2024-08-03,18.11
TEL-20240803-00368,DEV-0034,2024-08-03T12:32:04Z,31.44,30.6,1025.92,ERROR,2024-08-03,16.79
TEL-20240803-00069,DEV-0011,2024-08-03T00:38:06Z,31.65,28.69,1031.9,OK,2024-08-03,11.55
TEL-20240803-00470,DEV-0037,2024-08-03T00:25:49Z,35.87,45.89,1019.42,OK,2024-08-03,16.65
TEL-20240803-00066,DEV-0002,2024-08-03T02:40:44Z,70.02,52.33,1004.06,WARN,2024-08-03,27.12
TEL-20240803-00199,DEV-0011,2024-08-03T19:17:44Z,92.5,40.28,1046.91,OK,2024-08-03,25.89
TEL-20240803-00050,DEV-0043,2024-08-03T11:21:14Z,50.27,68.0,1008.24,ERROR,2024-08-03,15.99
TEL-20240803-00336,DEV-0022,2024-08-03T14:31:47Z,45.01,58.2,1026.44,OK,2024-08-03,17.29
TEL-20240803-00479,DEV-0040,2024-08-03T11:36:41Z,30.78,40.31,1027.95,ERROR,2024-08-03,29.04
TEL-20240803-00193,DEV-0009,2024-08-03T10:23:47Z,80.37,72.01,1021.22,ERROR,2024-08-03,17.43
TEL-20240803-00277,DEV-0027,2024-08-03T06:14:49Z,53.01,46.68,993.69,WARN,2024-08-03,29.01
TEL-20240803-00109,DEV-0002,2024-08-03T18:15:30Z,55.36,73.24,980.67,OK,2024-08-03,25.04
TEL-20240803-00202,DEV-0037,2024-08-03T06:37:44Z,18.68,85.0,1015.9,ERROR,2024-08-03,24.16
TEL-20240803-00242,DEV-0019,2024-08-03T05:34:06Z,23.03,61.8,1032.96,OK,2024-08-03,13.75
TEL-20240803-00464,DEV-0008,2024-08-03T12:41:25Z,28.1,71.84,998.9,OK,2024-08-03,11.53
TEL-20240803-00177,DEV-0013,2024-08-03T02:33:32Z,87.19,48.75,1043.92,OK,2024-08-03,13.11
TEL-20240803-00394,DEV-0029,2024-08-03T05:18:02Z,42.19,62.17,1042.33,OK,2024-08-03,12.59
TEL-20240803-00245,DEV-0033,2024-08-03T06:20:48Z,48.08,44.91,989.07,OK,2024-08-03,16.63
TEL-20240803-00003,DEV-0013,2024-08-03T20:25:07Z,84.98,59.84,1014.58,ERROR,2024-08-03,13.88
TEL-20240803-00334,DEV-0038,2024-08-03T00:31:55Z,37.06,27.66,1037.32,ERROR,2024-08-03,23.6
TEL-20240803-00079,DEV-0037,2024-08-03T05:16:06Z,64.19,88.7,1028.74,OK,2024-08-03,16.64
TEL-20240803-00126,DEV-0001,2024-08-03T09:03:37Z,59.24,79.3,1048.59,OK,2024-08-03,25.43
TEL-20240803-00305,DEV-0042,2024-08-03T13:43:48Z,51.51,76.94,993.87,OK,2024-08-03,26.05
TEL-20240803-00224,DEV-0046,2024-08-03T02:50:00Z,84.35,88.46,1034.44,OK,2024-08-03,16.41
TEL-20240803-00105,DEV-0011,2024-08-03T15:00:06Z,23.38,68.74,1016.75,OK,2024-08-03,24.66
TEL-20240803-00121,DEV-0021,2024-08-03T12:49:17Z,34.97,38.03,1013.34,OK,2024-08-03,23.31
TEL-20240803-00095,DEV-0033,2024-08-03T23:46:23Z,55.84,84.8,1045.82,OK,2024-08-03,17.68
TEL-20240803-00458,DEV-0011,2024-08-03T17:13:49Z,66.15,86.35,1022.93,OK,2024-08-03,12.58
TEL-20240803-00454,DEV-0026,2024-08-03T22:08:49Z,85.93,78.81,1040.48,ERROR,2024-08-03,18.24
TEL-20240803-00155,DEV-0045,2024-08-03T20:12:45Z,46.65,66.01,1037.44,ERROR,2024-08-03,13.28
TEL-20240803-00499,DEV-0008,2024-08-03T01:28:40Z,72.72,42.0,1040.05,OK,2024-08-03,29.67
TEL-20240803-00453,DEV-0029,2024-08-03T10:15:42Z,50.71,32.33,1046.94,OK,2024-08-03,16.95
TEL-20240803-00076,DEV-0028,2024-08-03T03:14:13Z,26.15,42.64,981.05,OK,2024-08-03,10.24
TEL-20240803-00001,DEV-0049,2024-08-03T08:43:58Z,72.61,33.41,1037.14,OK,2024-08-03,26.17
TEL-20240803-00459,DEV-0035,2024-08-03T00:46:01Z,79.79,26.32,1029.33,OK,2024-08-03,25.34
TEL-20240803-00085,DEV-0027,2024-08-03T20:52:18Z,75.79,36.03,1031.3,OK,2024-08-03,14.84
TEL-20240803-00203,DEV-0034,2024-08-03T08:19:54Z,34.97,69.58,1018.65,OK,2024-08-03,14.48
TEL-20240803-00235,DEV-0012,2024-08-03T15:47:08Z,75.6,68.9,1000.97,WARN,2024-08-03,24.45
TEL-20240803-00400,DEV-0042,2024-08-03T14:07:01Z,56.42,22.36,999.46,WARN,2024-08-03,16.01
TEL-20240803-00073,DEV-0016,2024-08-03T06:05:01Z,50.47,89.25,1003.6,OK,2024-08-03,23.6
TEL-20240803-00444,DEV-0008,2024-08-03T11:51:05Z,75.31,35.57,985.2,OK,2024-08-03,20.14
TEL-20240803-00389,DEV-0015,2024-08-03T00:59:03Z,20.03,74.73,993.73,ERROR,2024-08-03,27.21
TEL-20240803-00457,DEV-0018,2024-08-03T15:46:14Z,44.17,77.3,1001.6,WARN,2024-08-03,14.43
TEL-20240803-00171,DEV-0011,2024-08-03T21:59:56Z,76.81,83.27,992.24,OK,2024-08-03,26.79
TEL-20240803-00342,DEV-0018,2024-08-03T09:12:02Z,62.62,69.13,1038.39,OK,2024-08-03,18.67
TEL-20240803-00375,DEV-0039,2024-08-03T20:53:01Z,89.11,42.48,1028.91,WARN,2024-08-03,12.66
TEL-20240803-00485,DEV-0043,2024-08-03T06:04:37Z,29.74,71.15,999.6,OK,2024-08-03,21.27
TEL-20240803-00301,DEV-0042,2024-08-03T16:22:25Z,20.31,32.59,1002.59,OK,2024-08-03,17.15
TEL-20240803-00269,DEV-0001,2024-08-03T14:53:54Z,27.68,51.45,1047.86,OK,2024-08-03,10.73
TEL-20240803-00306,DEV-0032,2024-08-03T01:17:26Z,27.18,51.69,1022.1,ERROR,2024-08-03,17.66
TEL-20240803-00415,DEV-0003,2024-08-03T19:15:22Z,26.41,55.49,987.92,OK,2024-08-03,14.74
TEL-20240803-00086,DEV-0035,2024-08-03T01:58:58Z,69.21,37.38,1028.11,OK,2024-08-03,22.16
TEL-20240803-00388,DEV-0003,2024-08-03T03:02:31Z,57.09,65.52,1010.21,OK,2024-08-03,25.63
TEL-20240803-00452,DEV-0041,2024-08-03T12:38:22Z,59.84,40.68,995.33,OK,2024-08-03,18.39
TEL-20240803-00015,DEV-0005,2024-08-03T03:43:03Z,61.06,40.64,1006.7,OK,2024-08-03,22.35
TEL-20240803-00341,DEV-0029,2024-08-03T16:11:16Z,88.1,44.42,1003.18,ERROR,2024-08-03,18.35
TEL-20240803-00330,DEV-0014,2024-08-03T11:40:18Z,72.35,40.16,980.22,OK,2024-08-03,20.06
TEL-20240803-00296,DEV-0013,2024-08-03T02:22:45Z,60.47,40.6,1032.16,WARN,2024-08-03,18.72
TEL-20240803-00390,DEV-0044,2024-08-03T21:47:01Z,60.54,23.65,1033.6,OK,2024-08-03,18.59
TEL-20240803-00219,DEV-0015,2024-08-03T00:14:27Z,47.67,44.73,1000.08,WARN,2024-08-03,23.74
TEL-20240803-00425,DEV-0005,2024-08-03T11:41:30Z,64.6,51.43,1009.32,ERROR,2024-08-03,26.56
TEL-20240803-00056,DEV-0011,2024-08-03T10:55:58Z,49.64,30.99,987.75,ERROR,2024-08-03,18.37
TEL-20240803-00260,DEV-0048,2024-08-03T15:07:17Z,53.0,58.16,1046.4,OK,2024-08-03,22.8
TEL-20240803-00120,DEV-0014,2024-08-03T05:48:42Z,71.89,27.38,1049.54,OK,2024-08-03,13.2
TEL-20240803-00021,DEV-0035,2024-08-03T04:09:30Z,41.77,44.0,1005.82,OK,2024-08-03,20.35
TEL-20240803-00154,DEV-0006,2024-08-03T08:43:27Z,90.4,30.03,994.26,OK,2024-08-03,29.91
TEL-20240803-00206,DEV-0021,2024-08-03T02:45:56Z,60.29,70.55,1008.58,ERROR,2024-08-03,15.9
TEL-20240803-00248,DEV-0044,2024-08-03T20:09:49Z,73.33,89.54,1015.11,ERROR,2024-08-03,23.03
TEL-20240803-00355,DEV-0026,2024-08-03T04:25:42Z,18.46,76.52,1041.24,WARN,2024-08-03,26.78
TEL-20240803-00308,DEV-0026,2024-08-03T01:57:34Z,88.69,22.74,1025.13,OK,2024-08-03,19.4
TEL-20240803-00460,DEV-0036,2024-08-03T02:41:03Z,57.94,45.35,993.89,OK,2024-08-03,26.76
TEL-20240803-00130,DEV-0008,2024-08-03T08:54:45Z,62.2,64.18,995.1,OK,2024-08-03,24.08
TEL-20240803-00125,DEV-0038,2024-08-03T06:47:07Z,62.11,28.92,1001.94,WARN,2024-08-03,21.54
TEL-20240803-00243,DEV-0013,2024-08-03T20:59:02Z,36.51,25.95,1019.91,OK,2024-08-03,21.27
TEL-20240803-00205,DEV-0004,2024-08-03T20:15:52Z,34.17,28.13,1025.41,ERROR,2024-08-03,29.44
TEL-20240803-00401,DEV-0006,2024-08-03T01:17:54Z,64.95,54.68,1040.39,WARN,2024-08-03,18.88
TEL-20240803-00295,DEV-0014,2024-08-03T00:20:08Z,34.92,70.94,1045.79,OK,2024-08-03,15.47
TEL-20240803-00304,DEV-0039,2024-08-03T06:33:13Z,25.92,39.46,1022.55,OK,2024-08-03,21.48
TEL-20240803-00234,DEV-0002,2024-08-03T04:23:09Z,24.08,25.39,1019.84,WARN,2024-08-03,12.99
TEL-20240803-00316,DEV-0043,2024-08-03T03:33:33Z,36.52,53.45,1014.31,OK,2024-08-03,16.44
TEL-20240803-00225,DEV-0025,2024-08-03T14:46:50Z,78.49,53.49,984.71,ERROR,2024-08-03,18.55
TEL-20240803-00012,DEV-0022,2024-08-03T01:52:21Z,58.01,36.57,985.1,ERROR,2024-08-03,22.39
TEL-20240803-00411,DEV-0004,2024-08-03T18:05:17Z,87.07,58.6,1046.73,WARN,2024-08-03,13.6
TEL-20240803-00280,DEV-0001,2024-08-03T13:02:00Z,20.02,75.34,1038.85,ERROR,2024-08-03,26.4
TEL-20240803-00473,DEV-0017,2024-08-03T13:19:47Z,44.02,30.54,1002.5,ERROR,2024-08-03,21.97
TEL-20240803-00084,DEV-0029,2024-08-03T23:56:21Z,28.34,42.23,1035.09,OK,2024-08-03,20.42
TEL-20240803-00157,DEV-0008,2024-08-03T21:35:26Z,23.08,64.81,1005.4,OK,2024-08-03,25.56
TEL-20240803-00361,DEV-0004,2024-08-03T03:19:25Z,55.25,32.88,996.44,ERROR,2024-08-03,15.21
TEL-20240803-00377,DEV-0011,2024-08-03T13:52:33Z,80.27,33.46,1020.75,OK,2024-08-03,14.07
TEL-20240803-00052,DEV-0039,2024-08-03T19:36:55Z,48.1,46.69,1046.41,OK,2024-08-03,20.69
TEL-20240803-00332,DEV-0011,2024-08-03T05:21:57Z,53.05,87.36,1026.62,WARN,2024-08-03,16.68
TEL-20240803-00173,DEV-0016,2024-08-03T17:54:49Z,84.05,40.3,1013.82,OK,2024-08-03,14.26
TEL-20240803-00172,DEV-0033,2024-08-03T11:03:27Z,56.15,31.93,1047.88,OK,2024-08-03,28.28
TEL-20240803-00376,DEV-0041,2024-08-03T18:35:12Z,33.07,54.38,1027.52,OK,2024-08-03,14.02
TEL-20240803-00216,DEV-0007,2024-08-03T17:47:52Z,44.06,69.52,994.16,WARN,2024-08-03,25.19
TEL-20240803-00082,DEV-0008,2024-08-03T09:15:47Z,50.99,37.05,985.56,OK,2024-08-03,17.49
TEL-20240803-00005,DEV-0037,2024-08-03T07:56:33Z,74.13,39.2,1039.34,OK,2024-08-03,29.84
TEL-20240803-00184,DEV-0022,2024-08-03T13:38:47Z,18.62,53.61,999.76,OK,2024-08-03,25.22
TEL-20240803-00323,DEV-0010,2024-08-03T14:56:06Z,75.37,36.84,1042.59,OK,2024-08-03,15.34
TEL-20240803-00054,DEV-0044,2024-08-03T17:11:02Z,81.64,62.24,981.88,OK,2024-08-03,11.39
TEL-20240803-00402,DEV-0015,2024-08-03T06:24:11Z,68.81,57.27,1026.23,OK,2024-08-03,20.83
TEL-20240803-00372,DEV-0047,2024-08-03T05:14:06Z,69.23,54.96,1027.55,OK,2024-08-03,25.2
TEL-20240803-00018,DEV-0013,2024-08-03T03:06:00Z,63.83,24.73,1035.26,OK,2024-08-03,28.09
TEL-20240803-00302,DEV-0005,2024-08-03T06:42:23Z,46.64,74.57,988.56,OK,2024-08-03,23.77
TEL-20240803-00379,DEV-0047,2024-08-03T20:33:31Z,32.64,34.52,1037.93,ERROR,2024-08-03,17.04
TEL-20240803-00194,DEV-0042,2024-08-03T08:13:37Z,47.57,82.1,989.13,ERROR,2024-08-03,12.41
TEL-20240803-00289,DEV-0008,2024-08-03T14:59:38Z,27.45,29.93,998.34,OK,2024-08-03,11.86
TEL-20240803-00191,DEV-0004,2024-08-03T21:47:20Z,34.32,53.04,1043.59,OK,2024-08-03,18.62
TEL-20240803-00166,DEV-0027,2024-08-03T10:54:05Z,66.87,25.37,996.8,OK,2024-08-03,13.3
TEL-20240803-00301,DEV-0042,2024-08-03T16:22:25Z,20.31,32.59,1002.59,OK,2024-08-03,17.15
TEL-20240803-00384,DEV-0008,2024-08-03T18:30:59Z,88.64,38.41,982.1,OK,2024-08-03,18.43
TEL-20240803-00437,DEV-0021,2024-08-03T05:09:02Z,80.68,71.42,1049.24,OK,2024-08-03,18.61
TEL-20240803-00244,DEV-0031,2024-08-03T01:03:20Z,25.18,41.6,1048.64,OK,2024-08-03,29.17
TEL-20240803-00476,DEV-0028,2024-08-03T22:04:24Z,27.8,20.95,1016.4,OK,2024-08-03,13.32
TEL-20240803-00412,DEV-0050,2024-08-03T08:16:55Z,56.11,35.92,992.21,ERROR,2024-08-03,23.12
TEL-20240803-00338,DEV-0018,2024-08-03T21:33:46Z,67.26,30.35,1008.72,OK,2024-08-03,23.19
TEL-20240803-00265,DEV-0023,2024-08-03T13:30:30Z,59.23,74.87,1047.59,WARN,2024-08-03,17.09
TEL-20240803-00480,DEV-0024,2024-08-03T16:38:16Z,54.35,34.74,1003.11,OK,2024-08-03,13.28
TEL-20240803-00017,DEV-0040,2024-08-03T19:06:21Z,68.12,67.3,981.82,ERROR,2024-08-03,16.56
TEL-20240803-00134,DEV-0047,2024-08-03T09:18:44Z,89.08,69.08,1018.36,OK,2024-08-03,12.62
TEL-20240803-00240,DEV-0005,2024-08-03T22:29:30Z,42.12,64.93,1037.91,OK,2024-08-03,11.09
TEL-20240803-00462,DEV-0016,2024-08-03T00:02:54Z,19.54,85.82,987.18,WARN,2024-08-03,25.83
TEL-20240803-00426,DEV-0009,2024-08-03T17:15:49Z,88.01,67.19,1026.61,ERROR,2024-08-03,15.21
TEL-20240803-00403,DEV-0023,2024-08-03T00:58:38Z,76.09,43.54,1037.97,OK,2024-08-03,26.2
TEL-20240803-00263,DEV-0006,2024-08-03T04:04:17Z,49.19,40.88,1029.85,WARN,2024-08-03,20.5
TEL-20240803-00475,DEV-0016,2024-08-03T10:29:45Z,55.19,58.84,1031.78,OK,2024-08-03,28.42
TEL-20240803-00138,DEV-0028,2024-08-03T21:53:10Z,89.3,26.72,1048.19,OK,2024-08-03,28.9
TEL-20240803-00381,DEV-0009,2024-08-03T16:19:06Z,27.08,36.14,1022.1,OK,2024-08-03,10.45
TEL-20240803-00283,DEV-0012,2024-08-03T12:57:20Z,57.83,50.62,986.97,OK,2024-08-03,20.09
TEL-20240803-00258,DEV-0023,2024-08-03T14:29:41Z,59.2,77.28,987.64,OK,2024-08-03,24.64
TEL-20240803-00359,DEV-0020,2024-08-03T23:59:00Z,80.03,63.66,994.05,OK,2024-08-03,10.0
TEL-20240803-00176,DEV-0023,2024-08-03T03:00:22Z,86.55,33.03,1004.82,OK,2024-08-03,18.62
TEL-20240803-00107,DEV-0014,2024-08-03T05:12:03Z,75.74,76.64,993.43,WARN,2024-08-03,18.81
TEL-20240803-00148,DEV-0042,2024-08-03T05:05:35Z,37.77,72.71,985.92,OK,2024-08-03,20.12
TEL-20240803-00350,DEV-0009,2024-08-03T21:49:12Z,37.25,49.14,993.97,OK,2024-08-03,11.71
TEL-20240803-00331,DEV-0045,2024-08-03T19:30:47Z,41.51,83.47,996.7,OK,2024-08-03,23.63
TEL-20240803-00178,DEV-0043,2024-08-03T08:14:30Z,48.44,40.95,1009.98,OK,2024-08-03,20.73
TEL-20240803-00223,DEV-0019,2024-08-03T11:56:06Z,38.87,54.95,1005.84,OK,2024-08-03,26.21
TEL-20240803-00360,DEV-0039,2024-08-03T03:33:06Z,37.03,27.25,981.73,ERROR,2024-08-03,18.88
TEL-20240803-00108,DEV-0040,2024-08-03T03:55:40Z,30.79,40.52,1006.44,OK,2024-08-03,11.29
TEL-20240803-00292,DEV-0012,2024-08-03T09:00:57Z,31.76,59.71,1022.47,OK,2024-08-03,12.34
TEL-20240803-00276,DEV-0048,2024-08-03T19:59:34Z,25.68,51.09,1020.69,OK,2024-08-03,23.35
TEL-20240803-00080,DEV-0041,2024-08-03T22:20:54Z,69.31,24.73,981.24,ERROR,2024-08-03,18.98
TEL-20240803-00429,DEV-0046,2024-08-03T15:47:06Z,27.73,22.39,1010.2,OK,2024-08-03,29.8
TEL-20240803-00300,DEV-0041,2024-08-03T02:28:10Z,86.49,87.07,997.71,WARN,2024-08-03,15.87
TEL-20240803-00019,DEV-0009,2024-08-03T20:32:16Z,45.37,53.7,1023.46,OK,2024-08-03,14.86
TEL-20240803-00088,DEV-0004,2024-08-03T20:09:13Z,27.67,32.16,1018.42,OK,2024-08-03,14.73
TEL-20240803-00352,DEV-0029,2024-08-03T22:20:32Z,89.99,69.88,1012.79,WARN,2024-08-03,19.33
TEL-20240803-00324,DEV-0031,2024-08-03T21:33:28Z,45.1,28.28,1018.52,OK,2024-08-03,18.63
TEL-20240803-00231,DEV-0050,2024-08-03T04:18:29Z,29.1,79.73,1048.03,WARN,2024-08-03,14.85
TEL-20240803-00268,DEV-0030,2024-08-03T04:31:55Z,42.36,75.44,1027.18,OK,2024-08-03,20.41
TEL-20240803-00451,DEV-0031,2024-08-03T16:42:11Z,85.6,78.85,1041.25,WARN,2024-08-03,19.8
TEL-20240803-00396,DEV-0048,2024-08-03T11:57:58Z,84.12,51.05,1001.19,OK,2024-08-03,25.6
TEL-20240803-00179,DEV-0018,2024-08-03T03:28:42Z,82.63,31.33,1004.76,WARN,2024-08-03,10.12
TEL-20240803-00187,DEV-0013,2024-08-03T18:40:40Z,29.45,28.43,1008.09,OK,2024-08-03,29.81
TEL-20240803-00297,DEV-0026,2024-08-03T06:16:11Z,33.24,79.22,1030.22,WARN,2024-08-03,12.06
TEL-20240803-00182,DEV-0044,2024-08-03T22:08:20Z,75.83,74.62,1007.99,WARN,2024-08-03,12.63
TEL-20240803-00251,DEV-0032,2024-08-03T03:51:00Z,28.98,80.93,1018.3,OK,2024-08-03,19.98
TEL-20240803-00048,DEV-0047,2024-08-03T14:21:50Z,24.61,79.21,1010.02,WARN,2024-08-03,14.19
TEL-20240803-00136,DEV-0029,2024-08-03T22:30:18Z,87.09,34.68,1036.31,OK,2024-08-03,24.71
TEL-20240803-00226,DEV-0047,2024-08-03T08:09:05Z,42.88,28.93,1033.73,OK,2024-08-03,16.39
TEL-20240803-00358,DEV-0034,2024-08-03T04:35:47Z,92.48,29.55,1042.65,OK,2024-08-03,16.02
TEL-20240803-00133,DEV-0036,2024-08-03T12:21:27Z,70.2,89.32,1033.04,WARN,2024-08-03,11.44
TEL-20240803-00214,DEV-0001,2024-08-03T19:06:24Z,47.57,27.7,980.95,OK,2024-08-03,12.64
TEL-20240803-00091,DEV-0024,2024-08-03T12:24:10Z,54.24,49.59,1022.66,WARN,2024-08-03,25.21
TEL-20240803-00103,DEV-0025,2024-08-03T18:19:46Z,49.69,81.35,1030.94,OK,2024-08-03,12.19
TEL-20240803-00140,DEV-0008,2024-08-03T07:25:31Z,41.31,61.73,992.07,WARN,2024-08-03,25.52
TEL-20240803-00097,DEV-0011,2024-08-03T06:48:27Z,91.7,73.99,1032.61,OK,2024-08-03,20.19
TEL-20240803-00428,DEV-0050,2024-08-03T06:57:11Z,85.48,21.09,988.46,OK,2024-08-03,25.31
TEL-20240803-00116,DEV-0048,2024-08-03T10:43:28Z,35.98,53.92,1031.74,OK,2024-08-03,16.97
TEL-20240803-00212,DEV-0002,2024-08-03T09:10:56Z,31.69,47.59,1022.55,OK,2024-08-03,12.87
TEL-20240803-00162,DEV-0026,2024-08-03T15:37:08Z,37.95,68.07,1029.93,OK,2024-08-03,12.85
TEL-20240803-00481,DEV-0046,2024-08-03T15:00:20Z,50.06,30.52,984.69,OK,2024-08-03,16.24
TEL-20240803-00072,DEV-0020,2024-08-03T14:03:38Z,18.36,74.07,1033.7,OK,2024-08-03,17.49
TEL-20240803-00143,DEV-0037,2024-08-03T15:17:44Z,75.39,75.6,992.68,WARN,2024-08-03,30.0
TEL-20240803-00092,DEV-0031,2024-08-03T00:48:24Z,50.91,25.83,1043.45,OK,2024-08-03,21.9
TEL-20240803-00147,DEV-0039,2024-08-03T22:11:00Z,60.71,76.04,988.61,OK,2024-08-03,21.5
TEL-20240803-00362,DEV-0040,2024-08-03T21:28:54Z,68.68,28.62,990.24,OK,2024-08-03,13.7
TEL-20240803-00195,DEV-0038,2024-08-03T20:52:12Z,32.86,51.2,986.9,ERROR,2024-08-03,22.38
TEL-20240803-00028,DEV-0008,2024-08-03T04:18:28Z,32.97,61.0,1033.59,OK,2024-08-03,29.51
TEL-20240803-00159,DEV-0008,2024-08-03T05:33:46Z,85.41,61.22,1036.48,OK,2024-08-03,20.58
TEL-20240803-00068,DEV-0005,2024-08-03T02:35:42Z,36.66,86.5,989.82,OK,2024-08-03,26.83
TEL-20240803-00378,DEV-0009,2024-08-03T00:23:49Z,49.42,58.26,985.04,OK,2024-08-03,23.65
TEL-20240803-00387,DEV-0005,2024-08-03T13:38:47Z,65.16,25.64,1018.6,OK,2024-08-03,15.41
TEL-20240803-00497,DEV-0041,2024-08-03T14:31:11Z,54.46,81.25,1032.54,OK,2024-08-03,10.76
TEL-20240803-00098,DEV-0032,2024-08-03T20:44:23Z,71.63,65.56,1044.86,OK,2024-08-03,14.85
TEL-20240803-00443,DEV-0008,2024-08-03T14:56:27Z,55.98,26.08,989.58,OK,2024-08-03,24.63
TEL-20240803-00329,DEV-0026,2024-08-03T12:25:06Z,34.93,77.68,1028.42,WARN,2024-08-03,14.11
TEL-20240803-00349,DEV-0007,2024-08-03T08:58:19Z,63.97,32.13,1010.51,OK,2024-08-03,26.09
TEL-20240803-00484,DEV-0028,2024-08-03T18:46:19Z,46.28,73.69,1045.4,ERROR,2024-08-03,20.82
TEL-20240803-00158,DEV-0010,2024-08-03T07:17:00Z,25.54,88.56,995.56,OK,2024-08-03,25.65
TEL-20240803-00127,DEV-0044,2024-08-03T04:33:42Z,64.32,35.55,1007.67,ERROR,2024-08-03,27.05
TEL-20240803-00371,DEV-0045,2024-08-03T10:37:37Z,44.8,63.22,1008.26,OK,2024-08-03,10.59
TEL-20240803-00450,DEV-0046,2024-08-03T05:02:26Z,70.97,62.94,1024.17,OK,2024-08-03,22.75
TEL-20240803-00042,DEV-0017,2024-08-03T20:04:22Z,87.41,40.62,1015.12,ERROR,2024-08-03,22.87
TEL-20240803-00236,DEV-0029,2024-08-03T20:44:00Z,40.08,30.91,1041.68,OK,2024-08-03,22.08
TEL-20240803-00192,DEV-0017,2024-08-03T15:23:21Z,41.44,26.78,980.96,ERROR,2024-08-03,25.41
TEL-20240803-00327,DEV-0032,2024-08-03T16:27:06Z,70.45,65.24,1047.13,OK,2024-08-03,12.3
TEL-20240803-00112,DEV-0022,2024-08-03T10:52:15Z,90.46,66.56,1006.49,OK,2024-08-03,29.51
TEL-20240803-00006,DEV-0045,2024-08-03T21:34:39Z,37.47,59.21,1011.77,WARN,2024-08-03,22.82
TEL-20240803-00404,DEV-0038,2024-08-03T06:48:01Z,44.25,78.05,1010.39,WARN,2024-08-03,25.65
TEL-20240803-00087,DEV-0025,2024-08-03T16:20:11Z,52.06,20.42,1040.89,OK,2024-08-03,29.07
TEL-20240803-00393,DEV-0035,2024-08-03T18:02:51Z,19.15,70.39,1036.88,OK,2024-08-03,11.13
TEL-20240803-00011,DEV-0028,2024-08-03T00:37:51Z,66.22,43.4,997.53,OK,2024-08-03,19.47
TEL-20240803-00321,DEV-0007,2024-08-03T04:14:58Z,46.0,88.25,1040.75,ERROR,2024-08-03,14.06
TEL-20240803-00303,DEV-0046,2024-08-03T10:13:29Z,61.7,42.51,996.29,OK,2024-08-03,17.71
TEL-20240803-00163,DEV-0037,2024-08-03T23:17:03Z,88.72,64.74,1005.91,OK,2024-08-03,23.56
TEL-20240803-00096,DEV-0020,2024-08-03T20:37:04Z,49.48,22.72,1044.51,WARN,2024-08-03,28.64
TEL-20240803-00494,DEV-0012,2024-08-03T23:00:12Z,52.04,56.82,980.39,OK,2024-08-03,16.57
TEL-20240803-00207,DEV-0004,2024-08-03T20:52:00Z,81.44,35.35,1047.57,OK,2024-08-03,15.12
TEL-20240803-00094,DEV-0031,2024-08-03T02:21:08Z,73.04,33.7,1044.13,OK,2024-08-03,10.26
TEL-20240803-00047,DEV-0015,2024-08-03T07:46:47Z,34.16,36.36,1021.09,ERROR,2024-08-03,25.15
TEL-20240803-00471,DEV-0041,2024-08-03T02:06:35Z,31.03,80.54,1014.29,OK,2024-08-03,11.68
TEL-20240803-00060,DEV-0032,2024-08-03T14:29:36Z,21.01,26.38,1025.24,WARN,2024-08-03,16.94
TEL-20240803-00046,DEV-0026,2024-08-03T12:52:37Z,76.35,20.83,1025.79,OK,2024-08-03,27.31
TEL-20240803-00238,DEV-0017,2024-08-03T18:32:19Z,72.62,49.66,990.98,OK,2024-08-03,20.43
TEL-20240803-00477,DEV-0029,2024-08-03T03:02:56Z,50.66,31.95,1036.22,WARN,2024-08-03,12.8
TEL-20240803-00290,DEV-0032,2024-08-03T11:58:53Z,34.01,27.05,1035.68,WARN,2024-08-03,11.47
TEL-20240803-00045,DEV-0049,2024-08-03T22:47:34Z,88.25,20.6,1000.96,OK,2024-08-03,25.66
TEL-20240803-00357,DEV-0045,2024-08-03T10:55:03Z,27.35,60.92,1015.76,OK,2024-08-03,24.03
TEL-20240803-00495,DEV-0024,2024-08-03T08:32:58Z,19.0,39.11,1025.31,WARN,2024-08-03,17.97
TEL-20240803-00291,DEV-0041,2024-08-03T02:13:43Z,50.33,82.28,1024.35,WARN,2024-08-03,26.17
TEL-20240803-00239,DEV-0009,2024-08-03T23:13:25Z,65.67,35.32,992.86,ERROR,2024-08-03,22.1
TEL-20240803-00175,DEV-0003,2024-08-03T14:57:39Z,83.32,24.02,980.41,WARN,2024-08-03,16.57
TEL-20240803-00061,DEV-0046,2024-08-03T09:25:39Z,81.4,79.49,1009.05,OK,2024-08-03,28.0
TEL-20240803-00180,DEV-0046,2024-08-03T06:07:12Z,39.94,29.36,1009.47,OK,2024-08-03,28.02
TEL-20240803-00288,DEV-0025,2024-08-03T08:42:03Z,39.17,85.45,1023.92,ERROR,2024-08-03,27.34
TEL-20240803-00141,DEV-0043,2024-08-03T21:05:49Z,53.7,77.27,1006.75,WARN,2024-08-03,17.35
TEL-20240803-00160,DEV-0045,2024-08-03T18:55:18Z,60.47,62.52,1042.76,OK,2024-08-03,16.36
TEL-20240803-00002,DEV-0015,2024-08-03T07:31:23Z,20.83,54.5,1029.28,ERROR,2024-08-03,14.18
TEL-20240803-00482,DEV-0013,2024-08-03T06:44:06Z,59.41,43.17,984.28,WARN,2024-08-03,21.89
TEL-20240803-00429,DEV-0046,2024-08-03T15:47:06Z,27.73,22.39,1010.2,OK,2024-08-03,29.8
TEL-20240803-00432,DEV-0047,2024-08-03T01:04:47Z,88.9,86.49,1043.75,WARN,2024-08-03,24.81
TEL-20240803-00383,DEV-0037,2024-08-03T07:54:33Z,89.75,55.0,1007.95,OK,2024-08-03,20.92
TEL-20240803-00326,DEV-0025,2024-08-03T23:59:27Z,32.93,33.26,992.37,OK,2024-08-03,20.59
TEL-20240803-00008,DEV-0024,2024-08-03T16:48:02Z,86.05,35.72,999.46,WARN,2024-08-03,20.65
TEL-20240803-00210,DEV-0041,2024-08-03T12:09:28Z,35.84,70.84,1005.8,WARN,2024-08-03,11.87
TEL-20240803-00259,DEV-0026,2024-08-03T13:12:25Z,43.31,42.21,1049.75,WARN,2024-08-03,14.25
TEL-20240803-00353,DEV-0027,2024-08-03T14:01:58Z,61.04,87.02,1009.46,OK,2024-08-03,22.3
TEL-20240803-00102,DEV-0013,2024-08-03T13:10:53Z,50.87,68.43,1015.05,ERROR,2024-08-03,23.17
TEL-20240803-00312,DEV-0047,2024-08-03T13:14:10Z,24.78,70.69,1036.86,ERROR,2024-08-03,29.79
TEL-20240803-00142,DEV-0008,2024-08-03T03:05:07Z,55.67,66.82,1015.68,OK,2024-08-03,21.74
TEL-20240803-00023,DEV-0013,2024-08-03T06:40:58Z,33.5,24.79,993.25,WARN,2024-08-03,23.9
TEL-20240803-00228,DEV-0036,2024-08-03T15:34:34Z,55.93,57.53,996.11,OK,2024-08-03,21.62
TEL-20240803-00089,DEV-0006,2024-08-03T13:46:29Z,41.98,70.52,997.14,OK,2024-08-03,22.12
TEL-20240803-00043,DEV-0018,2024-08-03T07:06:07Z,23.49,22.68,994.02,OK,2024-08-03,23.5
TEL-20240803-00137,DEV-0001,2024-08-03T11:46:54Z,62.33,67.48,1049.19,OK,2024-08-03,17.53
TEL-20240803-00374,DEV-0027,2024-08-03T02:03:39Z,37.29,22.62,1032.5,WARN,2024-08-03,25.27
TEL-20240803-00152,DEV-0010,2024-08-03T09:54:53Z,34.57,29.39,1018.64,ERROR,2024-08-03,17.18
TEL-20240803-00198,DEV-0029,2024-08-03T20:45:07Z,88.14,24.74,1009.33,ERROR,2024-08-03,25.82
TEL-20240803-00067,DEV-0026,2024-08-03T01:00:16Z,26.83,84.2,1002.9,WARN,2024-08-03,19.7
TEL-20240803-00063,DEV-0003,2024-08-03T07:56:55Z,30.16,81.78,1017.64,OK,2024-08-03,23.96
