telemetry_id,device_id,timestamp,temperature,humidity,pressure,status,date
TEL-20240802-00438,DEV-0008,2024-08-02T07:45:13Z,32.67,80.34,1034.75,OK,2024-08-02
TEL-20240802-00209,DEV-0031,2024-08-02T23:55:33Z,41.9,42.91,1033.86,OK,2024-08-02
TEL-20240802-00145,DEV-0013,2024-08-02T10:22:38Z,68.47,73.88,991.85,OK,2024-08-02
TEL-20240802-00185,DEV-0016,2024-08-02T06:37:42Z,54.63,48.71,985.56,ERROR,2024-08-02
TEL-20240802-00498,DEV-0007,2024-08-02T05:40:07Z,85.06,83.77,990.99,OK,2024-08-02
TEL-20240802-00034,DEV-0050,2024-08-02T21:41:27Z,58.2,45.93,983.04,ERROR,2024-08-02
TEL-20240802-00010,DEV-0035,2024-08-02T06:16:46Z,86.25,25.35,985.28,OK,2024-08-02
TEL-20240802-00044,DEV-0040,2024-08-02T22:43:45Z,22.01,47.24,1024.51,OK,2024-08-02
TEL-20240802-00187,DEV-0004,2024-08-02T05:09:03Z,68.3,22.57,1039.77,ERROR,2024-08-02
TEL-20240802-00343,DEV-0004,2024-08-02T21:23:25Z,29.39,79.77,1005.87,OK,2024-08-02
TEL-20240802-00178,DEV-0046,2024-08-02T06:56:29Z,24.94,42.69,1025.4,OK,2024-08-02
TEL-20240802-00282,DEV-0035,2024-08-02T14:01:02Z,44.12,43.64,1030.47,WARN,2024-08-02
TEL-20240802-00175,DEV-0050,2024-08-02T09:29:10Z,50.53,62.92,983.82,ERROR,2024-08-02
TEL-20240802-00141,DEV-0031,2024-08-02T18:47:03Z,60.21,38.38,1007.9,WARN,2024-08-02
TEL-20240802-00197,DEV-0048,2024-08-02T06:51:39Z,94.92,48.98,1003.37,ERROR,2024-08-02
TEL-20240802-00125,DEV-0023,2024-08-02T21:29:44Z,69.22,81.8,991.68,OK,2024-08-02
TEL-20240802-00378,DEV-0015,2024-08-02T17:26:18Z,93.84,49.96,1039.97,WARN,2024-08-02
TEL-20240802-00020,DEV-0012,2024-08-02T12:41:24Z,46.13,65.73,1038.48,ERROR,2024-08-02
TEL-20240802-00123,DEV-0007,2024-08-02T03:46:14Z,58.94,33.26,1016.83,OK,2024-08-02
TEL-20240802-00086,DEV-0021,2024-08-02T15:29:55Z,59.62,39.07,1011.14,ERROR,2024-08-02
TEL-20240802-00004,DEV-0013,2024-08-02T23:37:31Z,91.27,45.0,1026.99,OK,2024-08-02
TEL-20240802-00219,DEV-0040,2024-08-02T11:19:21Z,80.94,69.9,1026.96,ERROR,2024-08-02
TEL-20240802-00354,DEV-0041,2024-08-02T21:30:44Z,81.01,46.12,1031.31,OK,2024-08-02
TEL-20240802-00472,DEV-0050,2024-08-02T16:01:07Z,75.02,52.4,1035.03,WARN,2024-08-02
TEL-20240802-00092,DEV-0024,2024-08-02T06:26:56Z,61.16,47.63,991.43,WARN,2024-08-02
TEL-20240802-00337,DEV-0022,2024-08-02T20:45:18Z,54.49,40.29,1046.08,ERROR,2024-08-02
TEL-20240802-00093,DEV-0025,2024-08-02T07:16:05Z,50.51,36.77,1033.52,ERROR,2024-08-02
TEL-20240802-00143,DEV-0013,2024-08-02T17:39:47Z,58.37,36.96,998.64,WARN,2024-08-02
TEL-20240802-00240,DEV-0010,2024-08-02T23:56:31Z,68.66,88.25,989.5,OK,2024-08-02
TEL-20240802-00376,DEV-0030,2024-08-02T03:33:08Z,56.18,45.29,1000.18,OK,2024-08-02
TEL-20240802-00356,DEV-0011,2024-08-02T01:17:23Z,50.3,83.85,1004.92,OK,2024-08-02
TEL-20240802-00408,DEV-0040,2024-08-02T13:59:36Z,73.95,24.19,994.05,WARN,2024-08-02
TEL-20240802-00428,DEV-0011,2024-08-02T22:16:32Z,23.11,49.46,1031.05,ERROR,2024-08-02
TEL-20240802-00380,DEV-0034,2024-08-02T21:43:05Z,27.18,47.64,1028.65,OK,2024-08-02
TEL-20240802-00104,DEV-0034,2024-08-02T03:16:30Z,67.17,33.91,1042.13,OK,2024-08-02
TEL-20240802-00481,DEV-0010,2024-08-02T23:44:28Z,92.22,53.0,1040.19,ERROR,2024-08-02
TEL-20240802-00419,DEV-0010,2024-08-02T03:11:13Z,92.68,50.76,997.8,ERROR,2024-08-02
TEL-20240802-00336,DEV-0050,2024-08-02T04:29:59Z,42.66,20.3,1031.69,ERROR,2024-08-02
TEL-20240802-00150,DEV-0040,2024-08-02T23:09:44Z,71.8,21.29,1020.81,ERROR,2024-08-02
TEL-20240802-00089,DEV-0029,2024-08-02T09:23:26Z,38.01,41.25,980.01,OK,2024-08-02
TEL-20240802-00373,DEV-0011,2024-08-02T17:00:46Z,25.6,34.98,1015.29,WARN,2024-08-02
TEL-20240802-00421,DEV-0044,2024-08-02T07:17:56Z,78.39,30.14,1013.27,OK,2024-08-02
TEL-20240802-00451,DEV-0036,2024-08-02T21:40:51Z,51.88,33.22,983.82,OK,2024-08-02
TEL-20240802-00261,DEV-0022,2024-08-02T08:17:51Z,25.57,65.8,1007.38,OK,2024-08-02
TEL-20240802-00140,DEV-0033,2024-08-02T02:14:27Z,40.31,47.6,989.25,OK,2024-08-02
TEL-20240802-00468,DEV-0032,2024-08-02T16:40:41Z,58.4,40.35,1010.61,WARN,2024-08-02
TEL-20240802-00059,DEV-0021,2024-08-02T11:13:57Z,62.18,32.79,1032.23,OK,2024-08-02
TEL-20240802-00278,DEV-0035,2024-08-02T10:05:53Z,53.39,73.66,1025.35,OK,2024-08-02
TEL-20240802-00315,DEV-0012,2024-08-02T11:40:29Z,72.2,20.1,1023.91,WARN,2024-08-02
TEL-20240802-00264,DEV-0007,2024-08-02T21:28:22Z,34.9,39.83,993.52,OK,2024-08-02
TEL-20240802-00292,DEV-0001,2024-08-02T05:59:05Z,72.42,61.56,999.86,WARN,2024-08-02
TEL-20240802-00029,DEV-0039,2024-08-02T04:50:37Z,81.17,32.73,1026.18,OK,2024-08-02
TEL-20240802-00325,DEV-0006,2024-08-02T02:25:57Z,31.77,87.08,985.39,OK,2024-08-02
TEL-20240802-00462,DEV-0012,2024-08-02T07:49:55Z,48.72,21.44,994.58,WARN,2024-08-02
TEL-20240802-00117,DEV-0034,2024-08-02T21:04:02Z,82.31,29.08,1041.14,OK,2024-08-02
TEL-20240802-00041,DEV-0036,2024-08-02T15:11:23Z,61.05,53.86,1049.2,ERROR,2024-08-02
TEL-20240802-00090,DEV-0023,2024-08-02T09:30:34Z,18.64,84.55,1046.29,WARN,2024-08-02
TEL-20240802-00480,DEV-0013,2024-08-02T02:19:49Z,53.68,53.18,981.53,OK,2024-08-02
TEL-20240802-00301,DEV-0047,2024-08-02T14:37:37Z,43.1,33.91,1027.38,OK,2024-08-02
TEL-20240802-00257,DEV-0049,2024-08-02T03:03:10Z,53.73,53.34,1013.34,ERROR,2024-08-02
TEL-20240802-00470,DEV-0037,2024-08-02T01:35:04Z,88.63,55.94,1015.75,WARN,2024-08-02
TEL-20240802-00091,DEV-0020,2024-08-02T00:49:27Z,79.44,61.79,1035.77,ERROR,2024-08-02
TEL-20240802-00353,DEV-0032,2024-08-02T02:38:47Z,45.86,53.63,1010.52,OK,2024-08-02
TEL-20240802-00108,DEV-0004,2024-08-02T11:41:09Z,72.0,75.4,988.81,OK,2024-08-02
TEL-20240802-00056,DEV-0002,2024-08-02T15:07:16Z,23.2,64.36,1049.59,OK,2024-08-02
TEL-20240802-00487,DEV-0045,2024-08-02T13:01:10Z,40.18,33.45,1004.07,OK,2024-08-02
TEL-20240802-00018,DEV-0025,2024-08-02T15:58:29Z,85.88,22.79,1025.4,OK,2024-08-02
TEL-20240802-00138,DEV-0020,2024-08-02T16:02:20Z,59.57,30.47,1015.17,OK,2024-08-02
TEL-20240802-00347,DEV-0034,2024-08-02T10:04:59Z,91.93,72.93,986.19,WARN,2024-08-02
TEL-20240802-00351,DEV-0017,2024-08-02T09:40:53Z,67.02,28.69,1026.61,OK,2024-08-02
TEL-20240802-00116,DEV-0050,2024-08-02T17:09:39Z,39.8,48.69,1002.54,OK,2024-08-02
TEL-20240802-00009,DEV-0032,2024-08-02T17:06:11Z,67.71,25.74,999.64,OK,2024-08-02
TEL-20240802-00115,DEV-0021,2024-08-02T23:04:42Z,92.47,77.33,993.29,WARN,2024-08-02
TEL-20240802-00281,DEV-0047,2024-08-02T18:15:31Z,47.94,75.49,1025.04,WARN,2024-08-02
TEL-20240802-00296,DEV-0040,2024-08-02T11:55:48Z,93.98,55.53,1012.5,OK,2024-08-02
TEL-20240802-00096,DEV-0032,2024-08-02T06:20:01Z,29.72,87.88,981.55,OK,2024-08-02
TEL-20240802-00363,DEV-0030,2024-08-02T02:07:52Z,28.1,21.22,1004.37,OK,2024-08-02
TEL-20240802-00170,DEV-0029,2024-08-02T19:31:44Z,43.02,52.03,997.27,WARN,2024-08-02
TEL-20240802-00494,DEV-0028,2024-08-02T03:39:14Z,27.29,35.69,998.05,OK,2024-08-02
TEL-20240802-00028,DEV-0006,2024-08-02T06:28:38Z,94.44,80.71,991.94,WARN,2024-08-02
TEL-20240802-00306,DEV-0030,2024-08-02T13:10:48Z,44.46,82.05,1022.25,ERROR,2024-08-02
TEL-20240802-00045,DEV-0010,2024-08-02T15:59:38Z,51.52,24.49,995.52,OK,2024-08-02
TEL-20240802-00088,DEV-0041,2024-08-02T20:34:19Z,87.99,53.72,995.9,OK,2024-08-02
TEL-20240802-00033,DEV-0033,2024-08-02T03:05:30Z,68.77,83.14,1017.75,OK,2024-08-02
TEL-20240802-00163,DEV-0005,2024-08-02T17:34:46Z,27.12,42.23,1041.57,OK,2024-08-02
TEL-20240802-00273,DEV-0002,2024-08-02T15:09:41Z,67.31,85.3,1026.52,OK,2024-08-02
TEL-20240802-00312,DEV-0006,2024-08-02T17:48:00Z,71.37,48.46,995.26,OK,2024-08-02
TEL-20240802-00132,DEV-0010,2024-08-02T03:02:29Z,45.39,29.69,1005.7,ERROR,2024-08-02
TEL-20240802-00095,DEV-0005,2024-08-02T05:08:18Z,26.5,51.87,1011.69,ERROR,2024-08-02
TEL-20240802-00371,DEV-0023,2024-08-02T11:10:54Z,56.55,71.0,996.93,ERROR,2024-08-02
TEL-20240802-00242,DEV-0012,2024-08-02T14:32:27Z,60.51,51.5,1004.87,OK,2024-08-02
TEL-20240802-00038,DEV-0034,2024-08-02T03:33:00Z,46.88,34.38,1036.3,WARN,2024-08-02
TEL-20240802-00433,DEV-0044,2024-08-02T18:52:20Z,79.56,33.91,1009.01,OK,2024-08-02
TEL-20240802-00142,DEV-0050,2024-08-02T22:08:48Z,28.39,59.15,1014.15,ERROR,2024-08-02
TEL-20240802-00001,DEV-0020,2024-08-02T06:47:47Z,87.57,44.07,1008.89,ERROR,2024-08-02
TEL-20240802-00188,DEV-0039,2024-08-02T09:21:58Z,24.75,27.62,1049.56,OK,2024-08-02
TEL-20240802-00113,DEV-0034,2024-08-02T04:28:18Z,81.1,57.91,1011.79,ERROR,2024-08-02
TEL-20240802-00365,DEV-0002,2024-08-02T23:52:07Z,35.12,79.98,989.97,OK,2024-08-02
TEL-20240802-00055,DEV-0031,2024-08-02T07:48:21Z,92.02,52.12,1012.25,ERROR,2024-08-02
TEL-20240802-00128,DEV-0039,2024-08-02T07:36:34Z,34.47,73.6,1044.83,OK,2024-08-02
TEL-20240802-00331,DEV-0015,2024-08-02T15:23:18Z,77.27,23.31,1004.72,WARN,2024-08-02
TEL-20240802-00184,DEV-0001,2024-08-02T14:31:54Z,56.4,76.52,1022.56,WARN,2024-08-02
TEL-20240802-00196,DEV-0040,2024-08-02T07:45:18Z,93.4,20.11,981.68,OK,2024-08-02
TEL-20240802-00070,DEV-0007,2024-08-02T23:17:51Z,36.16,50.26,1006.66,OK,2024-08-02
TEL-20240802-00361,DEV-0007,2024-08-02T06:09:32Z,35.03,33.19,1042.79,ERROR,2024-08-02
TEL-20240802-00422,DEV-0020,2024-08-02T00:41:57Z,64.65,78.9,1026.36,OK,2024-08-02
TEL-20240802-00118,DEV-0007,2024-08-02T15:12:06Z,20.45,64.92,1007.2,WARN,2024-08-02
TEL-20240802-00027,DEV-0017,2024-08-02T05:33:25Z,64.15,59.45,981.3,OK,2024-08-02
TEL-20240802-00415,DEV-0005,2024-08-02T13:57:23Z,69.72,82.0,1007.78,OK,2024-08-02
TEL-20240802-00195,DEV-0023,2024-08-02T04:39:36Z,56.22,71.04,1014.84,OK,2024-08-02
TEL-20240802-00310,DEV-0001,2024-08-02T13:02:02Z,94.33,71.34,1015.3,WARN,2024-08-02
TEL-20240802-00011,DEV-0033,2024-08-02T20:01:52Z,62.81,48.36,1021.3,OK,2024-08-02
TEL-20240802-00058,DEV-0006,2024-08-02T12:43:47Z,81.22,25.32,1045.2,WARN,2024-08-02
TEL-20240802-00201,DEV-0031,2024-08-02T01:41:08Z,55.08,63.9,1042.44,ERROR,2024-08-02
TEL-20240802-00456,DEV-0050,2024-08-02T18:11:26Z,88.87,37.23,1014.87,OK,2024-08-02
TEL-20240802-00039,DEV-0024,2024-08-02T03:09:27Z,68.17,37.75,1039.85,WARN,2024-08-02
TEL-20240802-00213,DEV-0041,2024-08-02T06:20:12Z,32.83,39.37,1002.34,WARN,2024-08-02
TEL-20240802-00101,DEV-0008,2024-08-02T22:15:24Z,77.38,51.01,1031.63,OK,2024-08-02
TEL-20240802-00248,DEV-0050,2024-08-02T00:30:29Z,57.48,52.85,1031.37,WARN,2024-08-02
TEL-20240802-00239,DEV-0027,2024-08-02T04:18:55Z,69.6,29.4,985.02,OK,2024-08-02
TEL-20240802-00364,DEV-0009,2024-08-02T14:56:38Z,58.28,87.91,992.05,OK,2024-08-02
TEL-20240802-00224,DEV-0019,2024-08-02T11:38:36Z,27.81,27.21,1037.23,OK,2024-08-02
TEL-20240802-00013,DEV-0026,2024-08-02T07:57:49Z,63.4,80.0,989.37,ERROR,2024-08-02
TEL-20240802-00246,DEV-0030,2024-08-02T16:05:33Z,86.52,26.19,1013.07,OK,2024-08-02
TEL-20240802-00346,DEV-0047,2024-08-02T13:08:53Z,63.21,26.03,994.54,WARN,2024-08-02
TEL-20240802-00387,DEV-0007,2024-08-02T02:42:48Z,58.04,54.45,1012.62,OK,2024-08-02
TEL-20240802-00478,DEV-0020,2024-08-02T02:08:08Z,19.07,27.83,981.11,OK,2024-08-02
TEL-20240802-00405,DEV-0020,2024-08-02T13:42:34Z,42.13,49.0,997.59,ERROR,2024-08-02
TEL-20240802-00328,DEV-0019,2024-08-02T06:04:01Z,85.13,36.26,1046.32,OK,2024-08-02
TEL-20240802-00453,DEV-0003,2024-08-02T14:22:45Z,61.19,52.04,987.87,OK,2024-08-02
TEL-20240802-00135,DEV-0007,2024-08-02T19:41:19Z,20.88,76.58,1006.71,OK,2024-08-02
TEL-20240802-00008,DEV-0024,2024-08-02T04:43:46Z,43.53,53.6,1011.18,OK,2024-08-02
TEL-20240802-00482,DEV-0016,2024-08-02T06:18:36Z,81.87,47.42,1003.37,OK,2024-08-02
TEL-20240802-00307,DEV-0011,2024-08-02T18:35:54Z,35.69,48.82,1016.52,OK,2024-08-02
TEL-20240802-00225,DEV-0021,2024-08-02T17:41:04Z,79.02,57.29,1008.06,WARN,2024-08-02
TEL-20240802-00119,DEV-0034,2024-08-02T19:44:37Z,37.71,45.64,1022.42,OK,2024-08-02
TEL-20240802-00455,DEV-0018,2024-08-02T18:57:42Z,63.1,60.85,1048.01,ERROR,2024-08-02
TEL-20240802-00164,DEV-0049,2024-08-02T10:56:26Z,92.01,41.23,1032.19,OK,2024-08-02
TEL-20240802-00069,DEV-0024,2024-08-02T12:17:28Z,31.85,29.18,1020.31,OK,2024-08-02
TEL-20240802-00431,DEV-0011,2024-08-02T07:33:45Z,92.66,78.14,1033.42,ERROR,2024-08-02
TEL-20240802-00499,DEV-0046,2024-08-02T14:48:32Z,56.38,80.93,990.8,OK,2024-08-02
TEL-20240802-00130,DEV-0034,2024-08-02T04:56:19Z,18.51,88.91,995.04,OK,2024-08-02
TEL-20240802-00131,DEV-0002,2024-08-02T22:52:17Z,88.77,55.79,1019.95,ERROR,2024-08-02
TEL-20240802-00355,DEV-0017,2024-08-02T05:37:03Z,29.25,52.27,1028.53,OK,2024-08-02
TEL-20240802-00394,DEV-0021,2024-08-02T01:01:37Z,21.47,78.59,1004.42,ERROR,2024-08-02
TEL-20240802-00403,DEV-0048,2024-08-02T02:45:54Z,62.52,61.43,999.14,ERROR,2024-08-02
TEL-20240802-00052,DEV-0015,2024-08-02T19:12:29Z,89.59,60.24,998.28,WARN,2024-08-02
TEL-20240802-00461,DEV-0021,2024-08-02T01:47:04Z,60.13,62.16,986.48,OK,2024-08-02
TEL-20240802-00332,DEV-0011,2024-08-02T19:59:10Z,72.81,39.97,1048.12,OK,2024-08-02
TEL-20240802-00097,DEV-0019,2024-08-02T08:08:45Z,51.76,20.57,986.31,OK,2024-08-02
TEL-20240802-00314,DEV-0037,2024-08-02T23:37:01Z,93.18,52.46,989.7,WARN,2024-08-02
TEL-20240802-00344,DEV-0001,2024-08-02T09:22:22Z,41.72,51.19,1019.27,OK,2024-08-02
TEL-20240802-00439,DEV-0048,2024-08-02T15:24:08Z,51.21,34.46,995.09,OK,2024-08-02
TEL-20240802-00308,DEV-0038,2024-08-02T15:53:29Z,39.5,71.1,1031.53,OK,2024-08-02
TEL-20240802-00199,DEV-0020,2024-08-02T16:35:20Z,77.06,27.97,1003.33,WARN,2024-08-02
TEL-20240802-00176,DEV-0010,2024-08-02T14:53:41Z,52.78,70.59,987.92,ERROR,2024-08-02
TEL-20240802-00250,DEV-0017,2024-08-02T01:40:30Z,62.52,60.1,1025.94,OK,2024-08-02
TEL-20240802-00258,DEV-0015,2024-08-02T12:43:45Z,48.04,38.38,1017.13,WARN,2024-08-02
TEL-20240802-00286,DEV-0020,2024-08-02T03:29:39Z,31.14,61.37,1037.25,OK,2024-08-02
TEL-20240802-00183,DEV-0019,2024-08-02T20:11:07Z,87.19,87.23,980.25,OK,2024-08-02
TEL-20240802-00253,DEV-0012,2024-08-02T18:47:09Z,68.75,45.88,992.28,OK,2024-08-02
TEL-20240802-00428,DEV-0011,2024-08-02T22:16:32Z,23.11,49.46,1031.05,ERROR,2024-08-02
TEL-20240802-00158,DEV-0036,2024-08-02T08:14:09Z,44.32,47.5,989.61,WARN,2024-08-02
TEL-20240802-00496,DEV-0039,2024-08-02T21:06:45Z,21.88,86.24,1035.93,OK,2024-08-02
TEL-20240802-00374,DEV-0024,2024-08-02T22:37:11Z,51.85,87.04,992.66,OK,2024-08-02
TEL-20240802-00399,DEV-0025,2024-08-02T18:24:20Z,62.09,76.58,987.0,OK,2024-08-02
TEL-20240802-00360,DEV-0001,2024-08-02T04:33:18Z,46.72,53.94,1003.82,OK,2024-08-02
TEL-20240802-00335,DEV-0029,2024-08-02T17:10:34Z,41.22,84.43,1008.32,WARN,2024-08-02
TEL-20240802-00237,DEV-0045,2024-08-02T18:25:40Z,42.5,46.8,1006.71,ERROR,2024-08-02
TEL-20240802-00367,DEV-0005,2024-08-02T00:49:30Z,76.31,22.98,987.55,ERROR,2024-08-02
TEL-20240802-00458,DEV-0021,2024-08-02T04:01:05Z,53.44,69.54,1013.59,OK,2024-08-02
TEL-20240802-00037,DEV-0039,2024-08-02T17:26:16Z,32.55,69.64,1035.26,ERROR,2024-08-02
TEL-20240802-00285,DEV-0031,2024-08-02T19:02:15Z,72.0,29.14,992.06,OK,2024-08-02
TEL-20240802-00423,DEV-0045,2024-08-02T21:15:16Z,60.56,41.65,1047.09,OK,2024-08-02
TEL-20240802-00340,DEV-0040,2024-08-02T07:28:22Z,25.12,23.85,1024.89,ERROR,2024-08-02
TEL-20240802-00026,DEV-0038,2024-08-02T05:08:40Z,57.47,82.36,990.28,OK,2024-08-02
TEL-20240802-00469,DEV-0020,2024-08-02T04:08:43Z,87.52,78.91,1016.62,OK,2024-08-02
TEL-20240802-00024,DEV-0043,2024-08-02T07:26:51Z,43.43,27.93,1027.27,WARN,2024-08-02
TEL-20240802-00435,DEV-0042,2024-08-02T19:40:14Z,87.83,88.19,993.88,OK,2024-08-02
TEL-20240802-00098,DEV-0032,2024-08-02T06:21:26Z,41.99,75.96,1049.86,WARN,2024-08-02
TEL-20240802-00402,DEV-0014,2024-08-02T09:16:03Z,40.89,60.15,1036.32,ERROR,2024-08-02
TEL-20240802-00327,DEV-0019,2024-08-02T13:43:34Z,89.74,53.17,1009.41,OK,2024-08-02
TEL-20240802-00348,DEV-0041,2024-08-02T08:26:11Z,60.8,69.72,1032.87,OK,2024-08-02
TEL-20240802-00107,DEV-0024,2024-08-02T02:15:10Z,56.49,68.02,1003.69,OK,2024-08-02
TEL-20240802-00409,DEV-0010,2024-08-02T07:09:47Z,70.77,41.02,1010.48,OK,2024-08-02
TEL-20240802-00112,DEV-0047,2024-08-02T14:17:55Z,82.01,84.01,1018.82,OK,2024-08-02
TEL-20240802-00088,DEV-0041,2024-08-02T20:34:19Z,87.99,53.72,995.9,OK,2024-08-02
TEL-20240802-00492,DEV-0020,2024-08-02T07:13:35Z,21.62,21.27,1041.66,OK,2024-08-02
TEL-20240802-00126,DEV-0036,2024-08-02T12:32:21Z,68.63,57.37,1021.99,OK,2024-08-02
TEL-20240802-00352,DEV-0027,2024-08-02T05:31:58Z,70.96,37.13,988.35,OK,2024-08-02
TEL-20240802-00288,DEV-0048,2024-08-02T21:25:20Z,27.3,67.89,1018.21,OK,2024-08-02
TEL-20240802-00103,DEV-0044,2024-08-02T09:59:20Z,30.21,70.98,1032.13,ERROR,2024-08-02
TEL-20240802-00083,DEV-0036,2024-08-02T01:01:49Z,48.57,73.55,985.83,OK,2024-08-02
TEL-20240802-00289,DEV-0014,2024-08-02T01:37:11Z,43.83,28.45,989.89,WARN,2024-08-02
TEL-20240802-00255,DEV-0039,2024-08-02T04:53:31Z,75.96,48.91,1006.82,WARN,2024-08-02
TEL-20240802-00221,DEV-0030,2024-08-02T09:43:41Z,72.69,52.58,996.22,OK,2024-08-02
TEL-20240802-00241,DEV-0042,2024-08-02T13:55:29Z,86.81,68.68,1045.12,ERROR,2024-08-02
TEL-20240802-00297,DEV-0018,2024-08-02T01:12:07Z,79.34,67.97,1047.8,WARN,2024-08-02
TEL-20240802-00181,DEV-0025,2024-08-02T01:49:10Z,88.24,59.58,1026.17,OK,2024-08-02
TEL-20240802-00275,DEV-0031,2024-08-02T13:25:54Z,74.04,76.86,984.91,OK,2024-08-02
TEL-20240802-00053,DEV-0033,2024-08-02T03:35:04Z,56.74,43.8,988.19,ERROR,2024-08-02
TEL-20240802-00445,DEV-0046,2024-08-02T23:51:02Z,18.41,55.32,1006.67,WARN,2024-08-02
TEL-20240802-00427,DEV-0006,2024-08-02T15:30:47Z,49.8,78.88,1030.22,OK,2024-08-02
TEL-20240802-00047,DEV-0046,2024-08-02T19:03:49Z,81.16,64.82,1010.73,OK,2024-08-02
TEL-20240802-00137,DEV-0048,2024-08-02T20:54:38Z,89.51,64.37,1024.25,OK,2024-08-02
TEL-20240802-00169,DEV-0018,2024-08-02T13:14:47Z,69.69,34.2,994.32,OK,2024-08-02
TEL-20240802-00477,DEV-0020,2024-08-02T19:52:39Z,45.78,67.17,1028.32,WARN,2024-08-02
TEL-20240802-00464,DEV-0028,2024-08-02T23:51:58Z,41.88,67.95,989.19,OK,2024-08-02
TEL-20240802-00129,DEV-0024,2024-08-02T14:28:25Z,18.02,22.43,999.91,OK,2024-08-02
TEL-20240802-00122,DEV-0018,2024-08-02T16:02:46Z,23.42,41.27,1046.12,ERROR,2024-08-02
TEL-20240802-00193,DEV-0007,2024-08-02T18:46:40Z,58.73,26.14,1030.69,ERROR,2024-08-02
TEL-20240802-00049,DEV-0040,2024-08-02T05:43:02Z,45.7,65.85,1048.3,OK,2024-08-02
TEL-20240802-00134,DEV-0047,2024-08-02T02:46:20Z,79.05,32.1,1037.8,ERROR,2024-08-02
TEL-20240802-00280,DEV-0032,2024-08-02T02:56:40Z,51.72,33.26,982.5,OK,2024-08-02
TEL-20240802-00014,DEV-0033,2024-08-02T02:25:23Z,56.67,66.39,1039.36,ERROR,2024-08-02
TEL-20240802-00474,DEV-0040,2024-08-02T08:21:58Z,85.09,33.1,992.96,ERROR,2024-08-02
TEL-20240802-00148,DEV-0019,2024-08-02T00:21:44Z,79.93,41.36,1012.98,OK,2024-08-02
TEL-20240802-00245,DEV-0008,2024-08-02T18:30:44Z,24.16,71.11,1016.85,OK,2024-08-02
TEL-20240802-00269,DEV-0018,2024-08-02T01:24:24Z,43.61,24.2,1046.89,OK,2024-08-02
TEL-20240802-00050,DEV-0018,2024-08-02T12:22:42Z,48.43,61.03,1016.24,OK,2024-08-02
TEL-20240802-00022,DEV-0031,2024-08-02T19:00:32Z,85.92,50.79,996.1,ERROR,2024-08-02
TEL-20240802-00323,DEV-0008,2024-08-02T15:45:34Z,70.23,57.3,1000.46,ERROR,2024-08-02
TEL-20240802-00165,DEV-0010,2024-08-02T06:06:08Z,32.23,73.37,1022.84,OK,2024-08-02
TEL-20240802-00491,DEV-0012,2024-08-02T06:10:38Z,55.9,75.54,1046.01,WARN,2024-08-02
TEL-20240802-00238,DEV-0014,2024-08-02T21:11:30Z,28.71,58.88,1039.03,OK,2024-08-02
TEL-20240802-00447,DEV-0032,2024-08-02T10:56:29Z,28.16,42.21,1017.13,OK,2024-08-02
TEL-20240802-00080,DEV-0042,2024-08-02T12:17:56Z,52.26,80.4,1005.42,ERROR,2024-08-02
TEL-20240802-00309,DEV-0016,2024-08-02T10:27:37Z,35.13,84.92,1046.24,ERROR,2024-08-02
TEL-20240802-00198,DEV-0041,2024-08-02T06:00:40Z,33.49,39.71,1035.31,OK,2024-08-02
TEL-20240802-00204,DEV-0023,2024-08-02T02:09:17Z,82.74,43.74,1006.27,ERROR,2024-08-02
TEL-20240802-00415,DEV-0005,2024-08-02T13:57:23Z,69.72,82.0,1007.78,OK,2024-08-02
TEL-20240802-00147,DEV-0010,2024-08-02T23:54:05Z,26.65,23.82,1046.43,OK,2024-08-02
TEL-20240802-00007,DEV-0011,2024-08-02T00:20:15Z,78.5,69.85,1024.86,OK,2024-08-02
TEL-20240802-00384,DEV-0026,2024-08-02T15:32:17Z,29.35,51.82,988.55,WARN,2024-08-02
TEL-20240802-00043,DEV-0029,2024-08-02T22:10:06Z,34.51,48.04,1003.69,ERROR,2024-08-02
TEL-20240802-00222,DEV-0010,2024-08-02T19:16:58Z,45.99,32.83,1044.21,OK,2024-08-02
TEL-20240802-00272,DEV-0046,2024-08-02T08:06:02Z,23.61,59.99,997.54,WARN,2024-08-02
TEL-20240802-00166,DEV-0039,2024-08-02T18:39:14Z,63.92,36.16,981.83,OK,2024-08-02
TEL-20240802-00387,DEV-0007,2024-08-02T02:42:48Z,58.04,54.45,1012.62,OK,2024-08-02
TEL-20240802-00189,DEV-0044,2024-08-02T09:39:42Z,71.25,61.65,1035.11,OK,2024-08-02
TEL-20240802-00114,DEV-0025,2024-08-02T23:11:56Z,19.44,79.98,1034.32,OK,2024-08-02
TEL-20240802-00228,DEV-0012,2024-08-02T21:42:04Z,74.93,69.83,1038.57,OK,2024-08-02
TEL-20240802-00420,DEV-0004,2024-08-02T15:34:23Z,71.87,27.91,1018.2,WARN,2024-08-02
TEL-20240802-00429,DEV-0048,2024-08-02T10:29:44Z,20.11,23.65,1024.91,WARN,2024-08-02
TEL-20240802-00139,DEV-0010,2024-08-02T01:43:46Z,94.8,87.97,1032.7,ERROR,2024-08-02
TEL-20240802-00087,DEV-0012,2024-08-02T18:38:29Z,66.59,64.51,1019.48,ERROR,2024-08-02
TEL-20240802-00425,DEV-0017,2024-08-02T09:05:59Z,81.35,36.48,994.73,OK,2024-08-02
TEL-20240802-00385,DEV-0032,2024-08-02T07:40:08Z,20.29,71.65,1038.12,WARN,2024-08-02
TEL-20240802-00060,DEV-0032,2024-08-02T23:12:15Z,74.63,81.09,994.47,OK,2024-08-02
TEL-20240802-00100,DEV-0005,2024-08-02T17:30:11Z,32.8,78.91,1037.21,OK,2024-08-02
TEL-20240802-00105,DEV-0008,2024-08-02T07:40:27Z,42.99,31.72,999.33,OK,2024-08-02
TEL-20240802-00254,DEV-0032,2024-08-02T05:51:33Z,84.38,44.0,985.91,OK,2024-08-02
TEL-20240802-00171,DEV-0050,2024-08-02T01:38:47Z,81.47,70.41,1007.59,ERROR,2024-08-02
TEL-20240802-00500,DEV-0022,2024-08-02T04:07:54Z,33.55,87.87,1033.85,OK,2024-08-02
TEL-20240802-00205,DEV-0011,2024-08-02T18:38:24Z,32.43,28.18,1034.76,OK,2024-08-02
TEL-20240802-00046,DEV-0039,2024-08-02T01:46:24Z,89.66,48.05,1025.93,OK,2024-08-02
TEL-20240802-00167,DEV-0045,2024-08-02T15:08:32Z,83.15,52.81,1025.47,OK,2024-08-02
TEL-20240802-00077,DEV-0032,2024-08-02T23:28:56Z,24.04,62.96,1012.46,OK,2024-08-02
TEL-20240802-00430,DEV-0042,2024-08-02T04:00:25Z,33.41,41.39,1020.31,OK,2024-08-02
TEL-20240802-00231,DEV-0042,2024-08-02T21:03:05Z,34.76,29.72,1020.65,OK,2024-08-02
TEL-20240802-00236,DEV-0046,2024-08-02T17:52:22Z,26.45,39.75,982.18,WARN,2024-08-02
TEL-20240802-00318,DEV-0033,2024-08-02T21:23:56Z,21.97,46.81,1012.57,OK,2024-08-02
TEL-20240802-00191,DEV-0025,2024-08-02T02:48:27Z,82.93,24.54,1012.96,OK,2024-08-02
TEL-20240802-00068,DEV-0031,2024-08-02T19:21:23Z,32.16,49.68,1009.34,OK,2024-08-02
TEL-20240802-00338,DEV-0043,2024-08-02T04:51:36Z,74.1,84.56,1003.71,OK,2024-08-02
TEL-20240802-00357,DEV-0019,2024-08-02T16:40:59Z,23.92,33.57,1023.96,OK,2024-08-02
TEL-20240802-00173,DEV-0030,2024-08-02T01:56:15Z,57.94,47.69,1031.46,ERROR,2024-08-02
TEL-20240802-00232,DEV-0049,2024-08-02T04:42:09Z,52.88,40.41,1023.09,WARN,2024-08-02
TEL-20240802-00159,DEV-0034,2024-08-02T21:39:55Z,66.17,35.92,996.83,OK,2024-08-02
TEL-20240802-00247,DEV-0044,2024-08-02T20:34:51Z,62.63,62.91,1043.25,ERROR,2024-08-02
TEL-20240802-00321,DEV-0045,2024-08-02T06:48:47Z,76.59,42.43,1042.86,ERROR,2024-08-02
TEL-20240802-00023,DEV-0042,2024-08-02T08:13:09Z,32.39,45.36,1030.21,OK,2024-08-02
TEL-20240802-00035,DEV-0028,2024-08-02T07:51:30Z,78.8,46.69,1021.23,ERROR,2024-08-02
TEL-20240802-00179,DEV-0046,2024-08-02T23:07:05Z,26.79,51.46,1005.41,ERROR,2024-08-02
TEL-20240802-00063,DEV-0021,2024-08-02T15:57:56Z,87.07,80.81,1014.36,ERROR,2024-08-02
TEL-20240802-00002,DEV-0010,2024-08-02T05:11:14Z,65.5,37.69,988.02,ERROR,2024-08-02
TEL-20240802-00417,DEV-0050,2024-08-02T16:16:31Z,86.11,36.67,988.56,OK,2024-08-02
TEL-20240802-00094,DEV-0045,2024-08-02T21:17:18Z,67.93,57.24,998.82,OK,2024-08-02
TEL-20240802-00111,DEV-0036,2024-08-02T09:34:44Z,55.74,59.67,1018.05,OK,2024-08-02
TEL-20240802-00362,DEV-0045,2024-08-02T16:54:34Z,72.87,69.16,1036.18,WARN,2024-08-02
TEL-20240802-00291,DEV-0007,2024-08-02T20:39:24Z,77.88,21.09,1014.09,OK,2024-08-02
TEL-20240802-00382,DEV-0008,2024-08-02T07:53:27Z,73.84,39.5,1029.94,ERROR,2024-08-02
TEL-20240802-00216,DEV-0037,2024-08-02T07:10:04Z,41.98,82.46,1017.84,OK,2024-08-02
TEL-20240802-00073,DEV-0026,2024-08-02T03:44:10Z,22.62,76.97,1013.36,OK,2024-08-02
TEL-20240802-00319,DEV-0024,2024-08-02T11:11:41Z,61.03,24.69,1029.65,OK,2024-08-02
TEL-20240802-00400,DEV-0022,2024-08-02T15:32:51Z,76.9,43.77,1023.04,OK,2024-08-02
TEL-20240802-00316,DEV-0045,2024-08-02T10:33:02Z,40.84,72.7,1028.86,ERROR,2024-08-02
TEL-20240802-00151,DEV-0003,2024-08-02T08:10:03Z,39.87,75.24,1023.26,OK,2024-08-02
TEL-20240802-00493,DEV-0044,2024-08-02T05:11:52Z,84.18,55.24,1036.48,OK,2024-08-02
TEL-20240802-00192,DEV-0045,2024-08-02T08:21:33Z,49.86,34.69,994.63,OK,2024-08-02
TEL-20240802-00157,DEV-0016,2024-08-02T16:17:51Z,22.77,38.04,1007.1,OK,2024-08-02
TEL-20240802-00436,DEV-0004,2024-08-02T12:39:27Z,64.23,30.45,1047.06,OK,2024-08-02
TEL-20240802-00303,DEV-0015,2024-08-02T02:30:37Z,55.3,82.33,990.15,ERROR,2024-08-02
TEL-20240802-00079,DEV-0006,2024-08-02T05:21:14Z,42.14,65.71,1029.73,ERROR,2024-08-02
TEL-20240802-00268,DEV-0018,2024-08-02T13:44:57Z,69.4,73.91,998.01,OK,2024-08-02
TEL-20240802-00021,DEV-0017,2024-08-02T12:58:14Z,57.76,44.7,1040.74,WARN,2024-08-02
TEL-20240802-00149,DEV-0014,2024-08-02T23:34:13Z,33.69,56.63,998.11,WARN,2024-08-02
TEL-20240802-00293,DEV-0045,2024-08-02T04:13:09Z,67.27,56.62,1008.84,OK,2024-08-02
TEL-20240802-00426,DEV-0029,2024-08-02T20:20:56Z,80.54,65.11,1035.25,OK,2024-08-02
TEL-20240802-00062,DEV-0040,2024-08-02T00:48:54Z,59.69,22.96,1013.76,ERROR,2024-08-02
TEL-20240802-00391,DEV-0032,2024-08-02T13:08:19Z,73.11,54.12,987.66,WARN,2024-08-02
TEL-20240802-00147,DEV-0010,2024-08-02T23:54:05Z,26.65,23.82,1046.43,OK,2024-08-02
TEL-20240802-00311,DEV-0034,2024-08-02T12:30:51Z,79.45,77.49,1011.67,OK,2024-08-02
TEL-20240802-00452,DEV-0003,2024-08-02T15:16:10Z,72.36,50.55,1049.66,WARN,2024-08-02
TEL-20240802-00440,DEV-0047,2024-08-02T21:12:26Z,31.89,75.47,982.01,OK,2024-08-02
TEL-20240802-00081,DEV-0034,2024-08-02T14:26:10Z,32.16,21.62,1030.94,OK,2024-08-02
TEL-20240802-00017,DEV-0015,2024-08-02T02:16:23Z,36.02,66.8,1016.25,OK,2024-08-02
TEL-20240802-00243,DEV-0028,2024-08-02T19:00:36Z,56.36,71.16,1029.85,OK,2024-08-02
TEL-20240802-00367,DEV-0005,2024-08-02T00:49:30Z,76.31,22.98,987.55,ERROR,2024-08-02
TEL-20240802-00109,DEV-0021,2024-08-02T17:50:41Z,76.27,76.39,1010.71,OK,2024-08-02
TEL-20240802-00061,DEV-0016,2024-08-02T19:22:09Z,77.98,28.39,985.49,WARN,2024-08-02
TEL-20240802-00446,DEV-0043,2024-08-02T11:08:57Z,61.09,60.63,998.22,ERROR,2024-08-02
TEL-20240802-00263,DEV-0021,2024-08-02T17:00:43Z,18.65,24.76,1008.79,ERROR,2024-08-02
TEL-20240802-00465,DEV-0024,2024-08-02T16:12:31Z,52.3,47.17,998.79,ERROR,2024-08-02
TEL-20240802-00243,DEV-0028,2024-08-02T19:00:36Z,56.36,71.16,1029.85,OK,2024-08-02
TEL-20240802-00249,DEV-0023,2024-08-02T09:18:10Z,20.72,84.6,1032.46,ERROR,2024-08-02
TEL-20240802-00066,DEV-0045,2024-08-02T16:29:20Z,71.07,20.83,994.75,ERROR,2024-08-02
TEL-20240802-00392,DEV-0043,2024-08-02T17:43:34Z,62.06,53.31,1039.8,ERROR,2024-08-02
TEL-20240802-00074,DEV-0029,2024-08-02T23:21:16Z,45.79,59.22,1045.23,OK,2024-08-02
TEL-20240802-00084,DEV-0040,2024-08-02T04:05:41Z,89.73,47.29,996.05,OK,2024-08-02
TEL-20240802-00214,DEV-0043,2024-08-02T03:17:09Z,30.13,28.01,1047.08,ERROR,2024-08-02
TEL-20240802-00251,DEV-0048,2024-08-02T19:01:18Z,55.33,28.88,985.38,OK,2024-08-02
TEL-20240802-00226,DEV-0016,2024-08-02T19:15:35Z,30.24,53.77,984.62,OK,2024-08-02
TEL-20240802-00393,DEV-0004,2024-08-02T12:16:31Z,63.51,46.45,1027.35,OK,2024-08-02
TEL-20240802-00256,DEV-0047,2024-08-02T20:10:13Z,62.49,78.93,983.8,OK,2024-08-02
TEL-20240802-00300,DEV-0035,2024-08-02T05:10:50Z,20.24,56.04,984.96,OK,2024-08-02
TEL-20240802-00136,DEV-0050,2024-08-02T10:22:56Z,80.92,49.16,1040.75,OK,2024-08-02
TEL-20240802-00203,DEV-0037,2024-08-02T23:43:20Z,60.75,21.31,1020.42,OK,2024-08-02
TEL-20240802-00266,DEV-0046,2024-08-02T03:05:54Z,64.56,46.32,1033.47,ERROR,2024-08-02
TEL-20240802-00287,DEV-0008,2024-08-02T15:38:51Z,65.4,24.42,994.18,OK,2024-08-02
TEL-20240802-00302,DEV-0015,2024-08-02T03:20:14Z,25.55,71.64,1040.89,WARN,2024-08-02
TEL-20240802-00442,DEV-0001,2024-08-02T15:08:55Z,42.89,68.51,1028.08,WARN,2024-08-02
TEL-20240802-00270,DEV-0012,2024-08-02T14:04:31Z,93.42,34.05,1007.48,WARN,2024-08-02
TEL-20240802-00190,DEV-0030,2024-08-02T23:37:23Z,89.72,26.52,1000.95,OK,2024-08-02
TEL-20240802-00040,DEV-0037,2024-08-02T11:39:17Z,94.37,47.82,994.26,ERROR,2024-08-02
TEL-20240802-00441,DEV-0016,2024-08-02T19:28:58Z,37.12,60.8,1025.31,OK,2024-08-02
TEL-20240802-00137,DEV-0048,2024-08-02T20:54:38Z,89.51,64.37,1024.25,OK,2024-08-02
TEL-20240802-00244,DEV-0027,2024-08-02T17:36:23Z,20.58,22.65,1013.83,OK,2024-08-02
TEL-20240802-00067,DEV-0007,2024-08-02T10:23:39Z,84.36,33.1,998.4,OK,2024-08-02
TEL-20240802-00443,DEV-0046,2024-08-02T13:47:38Z,37.73,26.67,984.11,OK,2024-08-02
TEL-20240802-00479,DEV-0002,2024-08-02T06:30:41Z,29.18,36.92,1038.95,ERROR,2024-08-02
TEL-20240802-00466,DEV-0028,2024-08-02T02:48:27Z,80.45,62.97,1010.39,WARN,2024-08-02
TEL-20240802-00042,DEV-0023,2024-08-02T22:25:47Z,28.63,80.47,988.34,OK,2024-08-02
TEL-20240802-00211,DEV-0008,2024-08-02T00:19:59Z,21.39,79.37,1041.03,OK,2024-08-02
TEL-20240802-00218,DEV-0026,2024-08-02T05:45:38Z,86.63,64.06,1028.31,WARN,2024-08-02
TEL-20240802-00444,DEV-0016,2024-08-02T15:58:22Z,94.75,85.75,1047.7,ERROR,2024-08-02
TEL-20240802-00051,DEV-0006,2024-08-02T17:18:46Z,81.89,84.05,1004.37,OK,2024-08-02
TEL-20240802-00390,DEV-0029,2024-08-02T14:02:02Z,31.62,66.16,1034.56,OK,2024-08-02
TEL-20240802-00185,DEV-0016,2024-08-02T06:37:42Z,54.63,48.71,985.56,ERROR,2024-08-02
TEL-20240802-00099,DEV-0045,2024-08-02T01:21:05Z,82.95,86.62,983.92,WARN,2024-08-02
TEL-20240802-00299,DEV-0028,2024-08-02T08:21:39Z,80.0,73.09,983.03,OK,2024-08-02
TEL-20240802-00489,DEV-0009,2024-08-02T09:46:45Z,48.06,49.18,1045.88,OK,2024-08-02
TEL-20240802-00168,DEV-0025,2024-08-02T15:30:08Z,30.61,35.84,1008.6,OK,2024-08-02
TEL-20240802-00054,DEV-0017,2024-08-02T17:52:50Z,62.27,68.59,1047.62,ERROR,2024-08-02
TEL-20240802-00127,DEV-0021,2024-08-02T17:20:54Z,46.62,73.49,1010.14,OK,2024-08-02
TEL-20240802-00406,DEV-0030,2024-08-02T21:48:35Z,31.91,21.3,1029.23,OK,2024-08-02
TEL-20240802-00194,DEV-0046,2024-08-02T09:27:38Z,83.28,38.18,1020.26,ERROR,2024-08-02
TEL-20240802-00072,DEV-0035,2024-08-02T23:20:50Z,55.47,37.57,1040.1,OK,2024-08-02
TEL-20240802-00345,DEV-0047,2024-08-02T14:47:26Z,79.88,40.2,1036.4,WARN,2024-08-02
TEL-20240802-00377,DEV-0006,2024-08-02T10:31:07Z,47.63,51.99,1031.53,WARN,2024-08-02
TEL-20240802-00342,DEV-0044,2024-08-02T21:05:32Z,48.37,54.33,1022.22,ERROR,2024-08-02
TEL-20240802-00412,DEV-0030,2024-08-02T15:35:27Z,50.5,83.4,994.14,OK,2024-08-02
TEL-20240802-00154,DEV-0046,2024-08-02T03:57:20Z,55.32,61.8,986.16,OK,2024-08-02
TEL-20240802-00180,DEV-0046,2024-08-02T12:46:50Z,93.09,62.85,991.19,ERROR,2024-08-02
TEL-20240802-00120,DEV-0001,2024-08-02T06:41:31Z,89.49,78.25,1012.76,OK,2024-08-02
TEL-20240802-00305,DEV-0013,2024-08-02T10:08:02Z,71.3,24.18,989.56,WARN,2024-08-02
TEL-20240802-00274,DEV-0010,2024-08-02T22:21:57Z,48.13,20.26,1029.53,WARN,2024-08-02
TEL-20240802-00341,DEV-0034,2024-08-02T07:50:59Z,77.07,33.7,985.85,WARN,2024-08-02
TEL-20240802-00386,DEV-0044,2024-08-02T00:11:24Z,64.55,42.89,1001.19,ERROR,2024-08-02
TEL-20240802-00467,DEV-0006,2024-08-02T01:32:21Z,92.94,67.35,1025.33,OK,2024-08-02
TEL-20240802-00290,DEV-0011,2024-08-02T22:23:35Z,30.71,37.06,1020.74,OK,2024-08-02
TEL-20240802-00298,DEV-0032,2024-08-02T05:10:42Z,89.05,23.78,1005.49,OK,2024-08-02
TEL-20240802-00121,DEV-0024,2024-08-02T17:47:56Z,50.03,45.83,1029.59,ERROR,2024-08-02
TEL-20240802-00485,DEV-0015,2024-08-02T22:03:33Z,19.46,60.35,1018.73,OK,2024-08-02
TEL-20240802-00233,DEV-0013,2024-08-02T06:43:56Z,42.38,59.92,1043.92,OK,2024-08-02
TEL-20240802-00003,DEV-0004,2024-08-02T17:29:41Z,60.32,40.35,984.72,OK,2024-08-02
TEL-20240802-00294,DEV-0040,2024-08-02T22:02:38Z,31.86,54.99,1046.52,OK,2024-08-02
TEL-20240802-00153,DEV-0007,2024-08-02T00:18:55Z,86.02,47.06,1048.59,ERROR,2024-08-02
TEL-20240802-00230,DEV-0005,2024-08-02T19:06:43Z,80.68,73.99,1006.52,WARN,2024-08-02
TEL-20240802-00383,DEV-0038,2024-08-02T08:48:50Z,79.68,86.03,1004.93,ERROR,2024-08-02
TEL-20240802-00434,DEV-0026,2024-08-02T12:53:56Z,61.92,21.45,981.61,ERROR,2024-08-02
TEL-20240802-00025,DEV-0014,2024-08-02T18:10:41Z,82.17,21.57,983.02,ERROR,2024-08-02
TEL-20240802-00064,DEV-0018,2024-08-02T12:14:48Z,62.4,23.79,1035.95,WARN,2024-08-02
TEL-20240802-00182,DEV-0011,2024-08-02T04:11:49Z,72.83,49.37,1001.67,WARN,2024-08-02
TEL-20240802-00260,DEV-0007,2024-08-02T17:40:22Z,91.63,50.23,1044.26,OK,2024-08-02
TEL-20240802-00322,DEV-0044,2024-08-02T13:17:03Z,22.88,44.17,1014.04,ERROR,2024-08-02
TEL-20240802-00397,DEV-0020,2024-08-02T03:21:10Z,19.52,42.83,1012.26,WARN,2024-08-02
TEL-20240802-00191,DEV-0025,2024-08-02T02:48:27Z,82.93,24.54,1012.96,OK,2024-08-02
TEL-20240802-00031,DEV-0025,2024-08-02T04:06:01Z,33.58,80.17,1015.31,WARN,2024-08-02
TEL-20240802-00375,DEV-0025,2024-08-02T13:13:32Z,35.52,27.9,1048.92,OK,2024-08-02
TEL-20240802-00057,DEV-0021,2024-08-02T13:22:33Z,59.25,69.06,998.43,OK,2024-08-02
TEL-20240802-00259,DEV-0001,2024-08-02T09:59:51Z,52.56,67.49,1047.32,OK,2024-08-02
TEL-20240802-00217,DEV-0009,2024-08-02T00:30:57Z,70.01,27.41,983.77,WARN,2024-08-02
TEL-20240802-00418,DEV-0022,2024-08-02T18:47:24Z,80.05,72.08,1045.49,OK,2024-08-02
TEL-20240802-00459,DEV-0039,2024-08-02T21:00:21Z,92.67,65.93,1046.56,OK,2024-08-02
TEL-20240802-00124,DEV-0037,2024-08-02T20:11:35Z,75.69,49.06,987.39,ERROR,2024-08-02
TEL-20240802-00133,DEV-0016,2024-08-02T07:16:51Z,41.12,59.93,1019.83,OK,2024-08-02
TEL-20240802-00304,DEV-0030,2024-08-02T05:24:23Z,28.5,70.39,1024.24,OK,2024-08-02
TEL-20240802-00490,DEV-0031,2024-08-02T05:39:13Z,39.75,72.45,1026.69,OK,2024-08-02
TEL-20240802-00015,DEV-0044,2024-08-02T05:48:32Z,28.81,31.15,1019.65,ERROR,2024-08-02
TEL-20240802-00012,DEV-0036,2024-08-02T08:34:57Z,94.9,53.05,1034.26,OK,2024-08-02
TEL-20240802-00082,DEV-0048,2024-08-02T22:47:05Z,34.21,47.79,986.69,WARN,2024-08-02
TEL-20240802-00326,DEV-0018,2024-08-02T03:44:09Z,56.22,81.25,1016.45,OK,2024-08-02
TEL-20240802-00388,DEV-0043,2024-08-02T15:31:32Z,38.15,44.05,1040.18,ERROR,2024-08-02
TEL-20240802-00175,DEV-0050,2024-08-02T09:29:10Z,50.53,62.92,983.82,ERROR,2024-08-02
TEL-20240802-00414,DEV-0047,2024-08-02T15:50:01Z,22.26,82.76,1001.97,OK,2024-08-02
TEL-20240802-00160,DEV-0028,2024-08-02T09:58:38Z,43.35,57.96,994.47,OK,2024-08-02
TEL-20240802-00283,DEV-0008,2024-08-02T06:51:41Z,69.38,52.09,1027.47,ERROR,2024-08-02
TEL-20240802-00262,DEV-0047,2024-08-02T21:37:49Z,33.01,43.62,1028.32,OK,2024-08-02
TEL-20240802-00048,DEV-0043,2024-08-02T16:18:12Z,20.59,61.97,1016.11,OK,2024-08-02
TEL-20240802-00110,DEV-0002,2024-08-02T22:24:22Z,73.78,37.55,982.76,WARN,2024-08-02
TEL-20240802-00146,DEV-0040,2024-08-02T14:39:09Z,51.92,84.69,996.34,OK,2024-08-02
TEL-20240802-00277,DEV-0022,2024-08-02T21:19:25Z,22.25,89.79,1025.3,OK,2024-08-02
TEL-20240802-00259,DEV-0001,2024-08-02T09:59:51Z,52.56,67.49,1047.32,OK,2024-08-02
TEL-20240802-00065,DEV-0035,2024-08-02T01:32:22Z,48.32,68.04,992.24,OK,2024-08-02
TEL-20240802-00379,DEV-0044,2024-08-02T11:11:00Z,94.9,54.42,987.36,WARN,2024-08-02
TEL-20240802-00369,DEV-0049,2024-08-02T03:50:07Z,88.85,34.38,1043.08,OK,2024-08-02
TEL-20240802-00372,DEV-0005,2024-08-02T03:52:37Z,76.77,57.02,1030.11,OK,2024-08-02
TEL-20240802-00200,DEV-0047,2024-08-02T18:39:01Z,82.07,33.58,1038.37,WARN,2024-08-02
TEL-20240802-00172,DEV-0039,2024-08-02T17:33:41Z,85.44,75.08,1016.45,WARN,2024-08-02
TEL-20240802-00276,DEV-0001,2024-08-02T12:44:52Z,78.05,28.48,1017.47,OK,2024-08-02
TEL-20240802-00476,DEV-0042,2024-08-02T15:29:44Z,49.19,66.04,1032.1,WARN,2024-08-02
TEL-20240802-00486,DEV-0042,2024-08-02T13:56:30Z,27.0,63.59,1025.23,WARN,2024-08-02
TEL-20240802-00155,DEV-0033,2024-08-02T14:35:59Z,72.86,22.78,1044.56,OK,2024-08-02
TEL-20240802-00102,DEV-0013,2024-08-02T14:47:49Z,25.23,66.62,994.59,WARN,2024-08-02
TEL-20240802-00398,DEV-0037,2024-08-02T16:57:26Z,38.53,68.72,1021.16,OK,2024-08-02
TEL-20240802-00208,DEV-0006,2024-08-02T14:32:01Z,79.52,83.35,990.79,OK,2024-08-02
TEL-20240802-00333,DEV-0011,2024-08-02T07:07:02Z,94.52,60.22,1010.86,OK,2024-08-02
TEL-20240802-00401,DEV-0028,2024-08-02T06:31:40Z,83.24,75.1,1038.83,ERROR,2024-08-02
TEL-20240802-00416,DEV-0016,2024-08-02T03:36:47Z,56.52,28.44,1026.5,ERROR,2024-08-02
TEL-20240802-00450,DEV-0034,2024-08-02T10:27:57Z,30.7,71.58,1014.39,OK,2024-08-02
TEL-20240802-00358,DEV-0039,2024-08-02T05:34:20Z,85.18,77.88,1027.95,OK,2024-08-02
TEL-20240802-00495,DEV-0023,2024-08-02T01:49:56Z,60.89,82.74,1039.74,ERROR,2024-08-02
TEL-20240802-00334,DEV-0012,2024-08-02T06:35:45Z,20.67,42.19,1004.07,OK,2024-08-02
TEL-20240802-00317,DEV-0035,2024-08-02T18:50:13Z,78.65,25.67,1041.66,OK,2024-08-02
TEL-20240802-00404,DEV-0034,2024-08-02T15:27:13Z,44.74,25.37,1037.66,ERROR,2024-08-02
TEL-20240802-00320,DEV-0009,2024-08-02T10:15:34Z,26.74,53.49,1045.74,ERROR,2024-08-02
TEL-20240802-00279,DEV-0036,2024-08-02T01:24:42Z,32.71,68.71,1042.75,OK,2024-08-02
TEL-20240802-00106,DEV-0026,2024-08-02T07:00:02Z,62.74,68.35,1028.19,OK,2024-08-02
TEL-20240802-00330,DEV-0036,2024-08-02T14:29:19Z,61.68,82.88,1001.45,OK,2024-08-02
TEL-20240802-00229,DEV-0038,2024-08-02T19:29:20Z,60.74,77.54,992.33,WARN,2024-08-02
TEL-20240802-00207,DEV-0029,2024-08-02T09:13:33Z,41.28,27.86,1034.95,OK,2024-08-02
TEL-20240802-00457,DEV-0022,2024-08-02T00:18:43Z,93.56,28.54,1006.15,OK,2024-08-02
TEL-20240802-00076,DEV-0037,2024-08-02T20:41:34Z,31.44,74.62,1004.86,ERROR,2024-08-02
TEL-20240802-00313,DEV-0019,2024-08-02T07:41:05Z,19.23,66.83,991.33,WARN,2024-08-02
TEL-20240802-00271,DEV-0007,2024-08-02T04:34:49Z,51.21,62.98,987.44,WARN,2024-08-02
TEL-20240802-00144,DEV-0021,2024-08-02T21:59:36Z,24.9,67.02,1009.65,OK,2024-08-02
TEL-20240802-00424,DEV-0044,2024-08-02T03:34:55Z,36.2,50.97,980.55,WARN,2024-08-02
TEL-20240802-00005,DEV-0007,2024-08-02T09:39:04Z,87.31,42.25,1011.55,ERROR,2024-08-02
TEL-20240802-00177,DEV-0045,2024-08-02T17:08:25Z,49.84,51.56,992.52,ERROR,2024-08-02
TEL-20240802-00161,DEV-0038,2024-08-02T17:43:51Z,33.58,29.67,1028.2,ERROR,2024-08-02
TEL-20240802-00381,DEV-0048,2024-08-02T05:04:23Z,93.09,43.7,1021.65,WARN,2024-08-02
TEL-20240802-00370,DEV-0043,2024-08-02T11:01:05Z,29.21,72.23,999.42,ERROR,2024-08-02
TEL-20240802-00213,DEV-0041,2024-08-02T06:20:12Z,32.83,39.37,1002.34,WARN,2024-08-02
TEL-20240802-00448,DEV-0017,2024-08-02T03:20:02Z,93.35,54.94,1048.14,OK,2024-08-02
TEL-20240802-00284,DEV-0010,2024-08-02T23:37:14Z,89.21,22.58,989.91,OK,2024-08-02
TEL-20240802-00359,DEV-0018,2024-08-02T21:44:44Z,45.91,57.41,1004.61,OK,2024-08-02
TEL-20240802-00349,DEV-0013,2024-08-02T05:53:24Z,40.29,54.34,1037.6,OK,2024-08-02
TEL-20240802-00454,DEV-0008,2024-08-02T11:05:13Z,84.85,32.65,991.78,ERROR,2024-08-02
TEL-20240802-00483,DEV-0041,2024-08-02T22:27:26Z,83.34,71.6,1021.71,ERROR,2024-08-02
TEL-20240802-00215,DEV-0033,2024-08-02T03:13:34Z,44.97,42.29,989.91,OK,2024-08-02
TEL-20240802-00152,DEV-0030,2024-08-02T20:00:04Z,47.93,38.99,1039.65,OK,2024-08-02
TEL-20240802-00267,DEV-0012,2024-08-02T03:44:11Z,37.51,52.69,1045.53,WARN,2024-08-02
TEL-20240802-00449,DEV-0048,2024-08-02T11:59:27Z,39.79,81.39,1022.91,OK,2024-08-02
TEL-20240802-00475,DEV-0017,2024-08-02T21:06:27Z,59.15,20.41,988.17,OK,2024-08-02
TEL-20240802-00410,DEV-0005,2024-08-02T20:13:54Z,49.76,77.66,1025.22,OK,2024-08-02
TEL-20240802-00366,DEV-0020,2024-08-02T04:13:08Z,93.55,49.74,1033.41,OK,2024-08-02
TEL-20240802-00324,DEV-0024,2024-08-02T21:44:51Z,93.31,81.82,993.18,WARN,2024-08-02
TEL-20240802-00030,DEV-0011,2024-08-02T23:43:21Z,89.02,61.76,984.82,WARN,2024-08-02
TEL-20240802-00295,DEV-0023,2024-08-02T13:00:35Z,36.14,28.23,1017.11,OK,2024-08-02
TEL-20240802-00463,DEV-0050,2024-08-02T12:18:41Z,75.95,65.78,988.44,WARN,2024-08-02
TEL-20240802-00078,DEV-0011,2024-08-02T20:51:59Z,43.98,64.19,1020.01,OK,2024-08-02
TEL-20240802-00329,DEV-0027,2024-08-02T18:21:41Z,67.75,42.84,1021.54,ERROR,2024-08-02
TEL-20240802-00473,DEV-0003,2024-08-02T02:26:56Z,72.24,41.98,1030.69,WARN,2024-08-02
TEL-20240802-00339,DEV-0047,2024-08-02T15:57:02Z,28.74,58.57,1001.57,WARN,2024-08-02
TEL-20240802-00019,DEV-0046,2024-08-02T16:40:53Z,39.06,71.93,1020.5,ERROR,2024-08-02
TEL-20240802-00389,DEV-0002,2024-08-02T01:27:56Z,88.45,46.85,1002.02,WARN,2024-08-02
TEL-20240802-00202,DEV-0022,2024-08-02T14:50:52Z,49.87,71.98,1038.46,OK,2024-08-02
TEL-20240802-00032,DEV-0010,2024-08-02T19:06:11Z,54.64,63.03,982.73,ERROR,2024-08-02
TEL-20240802-00223,DEV-0021,2024-08-02T14:31:01Z,23.03,27.9,1013.51,OK,2024-08-02
TEL-20240802-00085,DEV-0029,2024-08-02T20:08:08Z,58.56,31.94,982.46,OK,2024-08-02
TEL-20240802-00396,DEV-0004,2024-08-02T21:15:15Z,36.07,41.85,985.95,OK,2024-08-02
TEL-20240802-00206,DEV-0046,2024-08-02T10:45:02Z,38.91,26.08,1041.39,OK,2024-08-02
TEL-20240802-00162,DEV-0009,2024-08-02T13:58:49Z,29.18,85.31,1044.2,OK,2024-08-02
TEL-20240802-00174,DEV-0025,2024-08-02T16:48:40Z,92.12,33.29,1010.77,OK,2024-08-02
TEL-20240802-00044,DEV-0040,2024-08-02T22:43:45Z,22.01,47.24,1024.51,OK,2024-08-02
TEL-20240802-00036,DEV-0007,2024-08-02T13:08:16Z,54.74,36.28,1040.13,OK,2024-08-02
TEL-20240802-00497,DEV-0007,2024-08-02T19:39:50Z,84.1,27.13,1019.37,ERROR,2024-08-02
TEL-20240802-00126,DEV-0036,2024-08-02T12:32:21Z,68.63,57.37,1021.99,OK,2024-08-02
TEL-20240802-00413,DEV-0009,2024-08-02T00:16:50Z,79.87,66.11,992.32,OK,2024-08-02
TEL-20240802-00368,DEV-0038,2024-08-02T01:30:07Z,87.96,23.03,1001.12,OK,2024-08-02
TEL-20240802-00006,DEV-0043,2024-08-02T09:44:37Z,29.73,59.68,1036.54,WARN,2024-08-02
TEL-20240802-00395,DEV-0002,2024-08-02T20:21:24Z,25.5,44.16,1005.02,OK,2024-08-02
TEL-20240802-00075,DEV-0023,2024-08-02T00:26:07Z,45.03,67.57,1022.39,ERROR,2024-08-02
TEL-20240802-00227,DEV-0045,2024-08-02T18:27:50Z,93.48,59.7,1003.95,OK,2024-08-02
TEL-20240802-00016,DEV-0043,2024-08-02T04:47:46Z,55.23,45.12,995.32,WARN,2024-08-02
TEL-20240802-00484,DEV-0019,2024-08-02T01:31:25Z,55.43,61.37,1022.8,WARN,2024-08-02
TEL-20240802-00186,DEV-0001,2024-08-02T07:56:35Z,39.41,64.0,1037.41,OK,2024-08-02
TEL-20240802-00350,DEV-0038,2024-08-02T09:31:35Z,74.97,35.72,1035.39,OK,2024-08-02
TEL-20240802-00407,DEV-0037,2024-08-02T15:13:42Z,92.08,71.95,1012.71,ERROR,2024-08-02
TEL-20240802-00265,DEV-0040,2024-08-02T02:03:38Z,68.56,78.48,1046.53,OK,2024-08-02
TEL-20240802-00437,DEV-0037,2024-08-02T03:00:45Z,58.49,74.14,1044.98,WARN,2024-08-02
TEL-20240802-00488,DEV-0033,2024-08-02T07:37:58Z,70.74,84.52,1039.74,WARN,2024-08-02
TEL-20240802-00235,DEV-0026,2024-08-02T04:54:18Z,22.81,83.08,1047.75,OK,2024-08-02
TEL-20240802-00460,DEV-0047,2024-08-02T23:58:51Z,61.83,34.8,983.41,OK,2024-08-02
TEL-20240802-00210,DEV-0034,2024-08-02T21:08:13Z,73.79,52.16,1029.96,ERROR,2024-08-02
TEL-20240802-00471,DEV-0007,2024-08-02T14:42:46Z,61.77,37.74,997.84,OK,2024-08-02
TEL-20240802-00212,DEV-0030,2024-08-02T01:06:33Z,77.0,72.19,981.57,OK,2024-08-02
TEL-20240802-00220,DEV-0006,2024-08-02T14:36:08Z,25.15,76.16,1028.9,OK,2024-08-02
TEL-20240802-00411,DEV-0044,2024-08-02T19:15:25Z,36.36,30.5,981.94,OK,2024-08-02
TEL-20240802-00071,DEV-0048,2024-08-02T04:30:51Z,18.75,49.51,989.41,ERROR,2024-08-02
TEL-20240802-00234,DEV-0028,2024-08-02T22:58:22Z,94.25,60.79,1022.8,ERROR,2024-08-02
TEL-20240802-00432,DEV-0044,2024-08-02T13:50:20Z,52.76,81.15,989.35,OK,2024-08-02
TEL-20240802-00156,DEV-0022,2024-08-02T15:25:47Z,30.09,44.27,1004.63,OK,2024-08-02
TEL-20240802-00252,DEV-0017,2024-08-02T04:39:17Z,39.19,37.99,1031.9,ERROR,2024-08-02
