Transaction_ID,Customer_ID,Price,Status,Product_Name,Quantity,Date
101,C-170,12.01,Pending,Screen Protector,2,2024-03-31
102,C-6,93.37,Processing,Keyboard,5,2024-03-10
103,C-261,88.45,Delivered,Laptop Stand,2,2024-04-29
104,C-293,0.0,Shipped,Cable Organizer,4,2024-06-25
105,C-103,20.37,Processing,Surge Protector,4,2024-02-21
106,C-200,88.15,Cancelled,Keyboard,5,2024-09-27
107,C-69,218.7,Pending,Studio Headphones,3,2024-07-12
108,C-95,89.56,Processing,Gaming Headset,4,2024-10-24
109,C-199,44.37,Pending,Laptop Bag,4,2024-12-30
110,C-134,151.76,Processing,Mechanical Keyboard,4,2024-09-29
111,C-228,194.46,Delivered,Webcam,1,2024-02-03
112,C-293,34.2,Pending,Power Bank,4,2024-05-12
113,C-297,209.38,Cancelled,Docking Station,3,2024-07-28
114,C-161,52.65,Cancelled,USB Hub,1,2024-01-30
115,C-138,508.36,Shipped,VR Headset,3,2024-10-02
116,C-184,47.42,Cancelled,USB Flash Drive,3,2024-10-17
117,C-299,419.86,Shipped,Action Camera,4,2024-05-19
118,C-139,46.07,Processing,USB Flash Drive,3,2024-10-03
119,C-124,202.76,Pending,Drawing Tablet,1,2024-10-04
120,C-27,17.77,Delivered,Cable Organizer,5,2024-07-29
121,C-63,241.62,Shipped,Portable Monitor,3,2024-08-08
122,C-140,105.11,Shipped,Bluetooth Speaker,3,2024-03-21
123,C-269,35.86,Cancelled,Laptop Sleeve,5,2024-07-11
124,C-55,28.9,Shipped,Mouse Pad,3,2024-04-14
125,C-185,62.28,Pending,Desk Lamp,4,2024-08-01
126,C-270,497.21,Cancelled,Smart Watch,3,2024-01-02
127,C-121,15.55,Delivered,USB Cable,4,2024-02-28
128,C-288,281.47,Shipped,UPS Battery Backup,4,2024-04-03
129,C-228,2249.15,Delivered,3D Printer,1,2024-09-05
130,C-3,21.56,Delivered,HDMI Cable,4,2024-08-26
131,C-162,257.62,Delivered,Drawing Tablet,5,2024-04-04
132,C-152,18.91,Delivered,USB Cable,3,2024-03-27
133,C-90,25.21,Cancelled,Phone Charger,3,2024-08-31
134,C-33,16.97,Pending,Screen Protector,1,2024-07-21
135,C-107,33.54,Pending,SD Card,5,2024-12-19
136,C-121,75.41,Delivered,Ring Light,4,2024-02-16
137,C-254,368.03,Processing,Drawing Tablet,1,2024-11-05
138,C-144,41.58,Processing,Surge Protector,2,2024-01-09
139,C-146,498.48,Cancelled,Smart Watch,5,2024-07-29
140,C-116,80.99,Processing,UPS Battery Backup,3,2024-07-16
141,C-214,154.32,Delivered,Headphones,1,2024-10-03
142,C-115,16.7,Processing,USB Cable,1,2024-06-04
143,C-145,369.66,Processing,Portable Monitor,2,2024-11-03
144,C-97,69.59,Cancelled,Ring Light,1,2024-09-12
145,C-164,77.65,Delivered,Desk Lamp,1,2024-06-04
146,C-124,195.82,Processing,Docking Station,1,2024-10-11
147,C-221,24.1,Shipped,Cable Organizer,4,2024-11-21
148,C-136,40.36,Shipped,Laptop Sleeve,1,2024-10-08
149,C-12,76.95,Processing,Power Bank,5,2024-08-01
150,C-23,-45.87,Shipped,Phone Case,1,2024-09-02
151,C-228,389.36,Delivered,MIDI Keyboard,3,2024-06-07
152,C-19,85.27,Delivered,Ring Light,2,2024-08-21
153,C-98,40.38,Delivered,Surge Protector,5,2024-07-18
154,C-259,201.18,Cancelled,Wireless Earbuds,2,2024-04-24
155,C-78,142.79,Pending,Fitness Tracker,5,2024-12-12
156,C-157,19.61,Delivered,Cable Organizer,1,2024-08-31
157,C-277,27.04,Delivered,USB Hub,4,2024-09-28
158,C-218,119.95,Shipped,Fitness Tracker,2,2024-09-05
159,C-129,20.66,Cancelled,Screen Protector,5,2024-06-03
160,C-127,75.69,Cancelled,Desk Lamp,2,2024-02-25
161,C-286,304.71,Cancelled,Studio Microphone,4,2024-06-01
162,,9.06,Pending,USB Cable,2,2024-02-16
163,C-217,344.73,Pending,Studio Headphones,1,2024-11-23
164,C-40,45.14,Shipped,Wireless Charger,5,2024-02-06
165,C-123,1050.71,Shipped,3D Printer,1,2024-12-24
166,C-147,19.95,Delivered,USB Flash Drive,3,2024-02-17
167,C-134,66.23,Delivered,Laptop Stand,3,2024-07-12
168,C-258,282.53,Processing,Drawing Tablet,1,2024-06-22
169,C-61,51.01,Shipped,Headphones,1,2024-08-02
170,C-144,162.16,Delivered,Webcam,1,2024-11-03
171,C-195,55.87,Delivered,Tablet Stand,4,2024-11-03
172,C-297,40.03,Pending,Laptop Sleeve,5,2024-05-22
173,C-288,176.8,Delivered,Microphone,5,2024-09-02
174,C-41,671.37,Shipped,VR Headset,4,2024-01-31
175,C-197,459.42,Processing,Monitor,1,2024-10-09
176,C-103,130.73,Delivered,Network Switch,5,2024-09-07
177,C-155,639.3,Pending,VR Headset,1,2024-09-09
178,C-197,17.61,Processing,Screen Protector,1,2024-02-02
179,C-231,398.1,Pending,Action Camera,3,2024-06-29
180,C-62,390.98,Processing,Action Camera,5,2024-01-18
181,C-188,101.59,Delivered,Mechanical Keyboard,2,2024-09-07
182,C-96,1196.32,Shipped,Drone,3,2024-05-24
183,C-37,58.3,Delivered,Ring Light,5,2024-04-15
184,,53.41,Cancelled,Fitness Tracker,1,2024-04-13
185,C-291,34.26,Pending,Wireless Charger,2,2024-02-17
186,C-68,100.16,Delivered,Network Switch,2,2024-01-11
187,C-136,72.09,Processing,Power Bank,2,2024-09-22
188,C-33,39.93,Processing,Laptop Cooling Pad,5,2024-08-03
189,C-145,14.85,Pending,Mouse Pad,4,2024-03-09
190,C-98,41.54,Pending,Laptop Bag,2,2024-03-14
191,C-165,576.53,Shipped,Studio Microphone,2,2024-02-03
192,C-144,153.18,Delivered,Bluetooth Speaker,4,2024-01-24
193,C-96,1322.96,Shipped,3D Printer,2,2024-04-10
194,C-300,374.45,Processing,Action Camera,1,2024-05-06
195,C-54,40.78,Pending,Laptop Sleeve,4,2024-06-17
196,C-114,51.18,Shipped,SD Card,3,2024-12-05
197,C-260,253.34,Cancelled,Drawing Tablet,5,2024-10-01
198,C-263,81.6,Pending,Headphones,4,2024-08-30
199,C-254,32.66,Cancelled,Laptop Sleeve,5,2024-11-27
200,C-79,16.33,Delivered,Screen Protector,1,2024-03-02
201,C-273,45.06,Processing,Ring Light,1,2024-02-06
202,C-197,357.21,Shipped,Monitor,3,2024-07-29
203,C-197,33.16,Processing,Surge Protector,4,2024-03-23
204,C-243,21.3,Cancelled,Surge Protector,4,2024-12-10
205,C-261,135.93,Delivered,Fitness Tracker,3,2024-10-14
206,,16.05,Delivered,HDMI Cable,4,2024-03-19
207,C-165,44.49,Delivered,USB Flash Drive,3,2024-05-20
208,C-177,126.69,Shipped,Fitness Tracker,2,2024-07-17
209,C-22,30.53,Delivered,Mouse Pad,3,2024-06-05
210,C-109,585.92,Pending,VR Headset,3,2024-11-01
211,C-14,100.96,Processing,Fitness Tracker,3,2024-09-15
212,C-276,68.69,Shipped,Microphone,4,2024-10-13
213,C-5,305.42,Cancelled,Studio Headphones,1,2024-12-23
214,C-69,59.99,Pending,SD Card,5,2024-12-24
215,C-162,86.84,Pending,Gaming Headset,2,2024-01-13
216,C-47,-20.55,Delivered,Power Bank,4,2024-09-13
217,C-273,66.18,Processing,Fitness Tracker,2,2024-04-23
218,C-72,58.81,Cancelled,Wireless Mouse,2,2024-09-21
219,C-96,240.86,Processing,Docking Station,1,2024-09-09
220,C-236,2154.61,Processing,3D Printer,5,2024-04-12
221,C-23,271.33,Delivered,Studio Headphones,5,2024-03-09
222,C-31,301.85,Processing,Monitor,2,2024-12-07
223,C-61,14.86,Delivered,Mouse Pad,3,2024-06-07
224,C-167,111.68,Delivered,Webcam,1,2024-02-17
225,C-138,17.81,Processing,Screen Protector,4,2024-12-18
226,C-163,292.33,Cancelled,Router,3,2024-02-09
227,C-110,72.6,Delivered,Desk Lamp,4,2024-01-29
228,C-118,132.17,Shipped,Mechanical Keyboard,2,2024-11-04
229,C-278,17.02,Shipped,Screen Protector,2,2024-01-05
230,C-183,763.18,Pending,Drone,5,2024-02-13
231,C-162,21.94,Pending,Phone Charger,2,2024-09-28
232,C-284,30.87,Cancelled,Mouse Pad,4,2024-11-02
233,C-205,252.18,Delivered,Drawing Tablet,1,2024-10-20
234,C-34,393.21,Delivered,Portable Monitor,4,2024-05-06
235,C-60,178.46,Pending,Studio Microphone,5,2024-01-21
236,C-201,1923.79,Processing,3D Printer,3,2024-09-22
237,C-267,222.44,Cancelled,Wireless Earbuds,5,2024-06-03
238,C-191,498.34,Processing,Action Camera,2,2024-12-17
239,C-239,23.11,Cancelled,Surge Protector,2,2024-11-25
240,C-123,213.12,Pending,UPS Battery Backup,5,2024-12-25
241,C-196,183.91,Cancelled,Graphics Tablet,5,2024-03-05
242,C-160,162.18,Shipped,MIDI Keyboard,5,2024-12-24
243,C-220,661.54,Pending,VR Headset,2,2024-12-29
244,C-17,518.73,Pending,VR Headset,5,2024-10-27
245,C-50,244.7,Shipped,Gaming Headset,1,2024-05-11
246,C-134,126.59,Shipped,Mechanical Keyboard,2,2024-07-18
247,C-16,46.27,Pending,Laptop Cooling Pad,2,2024-03-11
248,C-258,852.33,Cancelled,Drone,5,2024-02-11
249,C-295,70.87,Delivered,Laptop Stand,5,2024-01-01
250,C-178,129.59,Cancelled,Fitness Tracker,5,2024-02-10
251,C-94,72.17,Pending,Bluetooth Speaker,1,2024-06-21
252,C-103,87.11,Delivered,Wireless Earbuds,1,2024-01-31
253,C-212,135.21,Shipped,Wireless Earbuds,3,2024-01-30
254,C-173,157.27,Cancelled,Mechanical Keyboard,1,2024-08-03
255,C-146,249.35,Pending,MIDI Keyboard,3,2024-06-20
256,C-172,24.17,Pending,Cable Organizer,3,2024-07-08
257,C-9,55.49,Delivered,Ring Light,1,2024-03-28
258,C-4,159.5,Processing,Wireless Earbuds,3,2024-01-25
259,C-209,57.03,Cancelled,Desk Lamp,5,2024-08-12
260,C-178,56.46,Cancelled,Ring Light,5,2024-05-09
261,C-271,44.88,Shipped,Tablet Stand,1,2024-05-04
262,C-268,17.6,Cancelled,USB Flash Drive,4,2024-03-14
263,C-149,185.69,Pending,Graphics Tablet,2,2024-10-01
264,C-211,808.97,Pending,Drone,3,2024-12-23
265,C-226,117.77,Processing,Router,2,2024-04-11
266,C-251,43.52,Delivered,USB Hub,2,2024-09-19
267,C-300,18.51,Delivered,Screen Protector,2,2024-08-08
268,C-194,202.78,Delivered,Docking Station,4,2024-08-31
269,C-97,68.46,Delivered,Power Bank,4,2024-02-26
270,C-265,13.7,Processing,HDMI Cable,2,2024-12-12
271,C-130,295.03,Shipped,Portable Monitor,1,2024-04-14
272,C-73,0.0,Shipped,Audio Interface,4,2024-07-10
273,C-20,46.64,Pending,Laptop Cooling Pad,5,2024-01-11
274,C-63,257.18,Processing,Audio Interface,4,2024-03-30
275,C-40,21.36,Processing,Cable Organizer,2,2024-09-20
276,C-103,173.03,Shipped,Router,4,2024-06-19
277,C-83,101.6,Processing,Webcam,2,2024-11-25
278,C-167,107.26,Pending,Webcam,1,2024-02-03
279,C-110,89.11,Processing,Laptop Bag,3,2024-08-03
280,C-54,16.7,Pending,HDMI Cable,1,2024-07-27
281,C-124,82.29,Processing,Wireless Earbuds,1,2024-03-07
282,C-227,97.27,Pending,Network Switch,3,2024-07-14
283,C-161,94.63,Processing,Network Switch,3,2024-02-02
284,C-22,15.12,Shipped,Cable Organizer,1,2024-09-17
285,C-226,184.54,Processing,Smart Watch,1,2024-04-24
286,C-37,150.31,Shipped,Router,5,2024-12-27
287,C-43,16.62,Pending,HDMI Cable,1,2024-10-17
288,C-58,56.1,Shipped,Headphones,4,2024-12-25
289,C-100,158.32,Cancelled,Network Switch,2,2024-03-15
290,C-42,275.39,Cancelled,External SSD,2,2024-04-06
291,C-107,183.38,Delivered,Drawing Tablet,1,2024-11-18
292,C-267,317.67,Pending,Drawing Tablet,2,2024-04-21
293,C-187,159.88,Cancelled,Network Switch,2,2024-02-17
294,C-201,153.97,Delivered,Mechanical Keyboard,3,2024-06-06
295,C-216,115.02,Pending,Docking Station,5,2024-11-29
296,C-188,241.74,Delivered,Gaming Headset,5,2024-07-23
297,C-27,146.49,Shipped,Studio Headphones,5,2024-03-12
298,C-221,40.89,Delivered,SD Card,5,2024-07-18
299,C-89,273.8,Shipped,Graphics Tablet,3,2024-04-07
300,,29.11,Delivered,Cable Organizer,5,2024-11-18
301,C-9,84.56,Delivered,Keyboard,4,2024-09-27
302,C-53,60.23,Delivered,Bluetooth Speaker,2,2024-03-13
303,C-141,1371.18,Delivered,Drone,2,2024-03-08
304,C-146,106.86,Pending,Smart Watch,2,2024-06-19
305,C-169,38.42,Pending,Laptop Sleeve,4,2024-09-23
306,C-249,15.65,Pending,HDMI Cable,2,2024-12-10
307,C-289,99.43,Processing,Ring Light,4,2024-11-13
308,C-9,103.3,Processing,Keyboard,5,2024-03-17
309,C-205,75.21,Processing,Headphones,2,2024-12-26
310,C-291,223.74,Pending,Portable Monitor,4,2024-08-13
311,C-142,541.35,Pending,3D Printer,1,2024-02-27
312,C-160,183.83,Shipped,Graphics Tablet,4,2024-07-07
313,C-218,224.41,Delivered,Smart Watch,4,2024-12-03
314,C-5,172.63,Shipped,Mechanical Keyboard,1,2024-05-13
315,C-226,46.79,Shipped,Wireless Mouse,1,2024-09-10
316,C-200,365.65,Pending,Action Camera,4,2024-01-18
317,C-243,11.84,Delivered,Ethernet Cable,5,2024-05-02
318,C-102,373.84,Processing,Drone,2,2024-12-24
319,C-126,15.04,Pending,Phone Case,4,2024-03-26
320,C-49,65.48,Cancelled,Laptop Stand,1,2024-11-15
321,C-240,184.51,Cancelled,Microphone,2,2024-09-11
322,C-224,156.12,Pending,Studio Headphones,5,2024-12-01
323,C-254,115.97,Delivered,Gaming Headset,2,2024-05-02
324,C-265,15.9,Shipped,Phone Case,5,2024-12-18
325,C-171,14.76,Processing,Mouse Pad,2,2024-10-26
326,C-124,398.49,Pending,Portable Monitor,5,2024-12-08
327,C-209,151.33,Delivered,Router,3,2024-03-24
328,C-131,379.92,Delivered,Audio Interface,5,2024-12-22
329,C-278,43.89,Shipped,Phone Case,5,2024-08-01
330,C-197,22.74,Processing,Mouse Pad,1,2024-04-29
331,C-171,227.28,Processing,Action Camera,3,2024-03-24
332,C-48,24.08,Processing,Mouse Pad,2,2024-07-04
333,C-183,28.92,Processing,Phone Case,3,2024-05-27
334,C-281,12.58,Shipped,USB Cable,2,2024-02-02
335,C-247,690.49,Delivered,VR Headset,3,2024-06-14
336,C-26,141.31,Delivered,Studio Headphones,5,2024-09-17
337,C-233,323.3,Processing,Studio Headphones,4,2024-01-06
338,C-265,41.58,Shipped,Laptop Sleeve,4,2024-05-26
339,C-46,719.65,Cancelled,VR Headset,3,2024-08-04
340,C-49,381.74,Delivered,Graphics Tablet,4,2024-06-15
341,C-235,28.34,Pending,USB Hub,2,2024-06-14
342,C-133,215.64,Pending,Router,5,2024-07-20
343,C-278,12.22,Delivered,Ethernet Cable,3,2024-04-26
344,C-240,90.9,Cancelled,Keyboard,1,2024-10-10
345,C-229,213.59,Pending,Monitor,1,2024-04-21
346,C-168,94.96,Cancelled,Ring Light,5,2024-05-11
347,C-63,136.04,Delivered,Bluetooth Speaker,4,2024-01-12
348,C-191,45.08,Pending,Wireless Mouse,5,2024-06-10
349,C-104,188.5,Processing,Audio Interface,5,2024-02-09
350,C-138,21.84,Processing,Surge Protector,4,2024-01-24
351,C-65,46.88,Cancelled,Laptop Sleeve,5,2024-12-21
352,C-264,158.05,Pending,Microphone,1,2024-09-06
353,C-55,16.23,Pending,Printer Cable,2,2024-06-16
354,C-263,14.49,Cancelled,USB Cable,4,2024-10-08
355,C-138,33.77,Cancelled,Phone Charger,2,2024-04-20
356,C-40,153.68,Delivered,Mechanical Keyboard,3,2024-09-19
357,C-258,9.74,Processing,USB Cable,3,2024-05-14
358,C-224,23.18,Shipped,SD Card,5,2024-03-26
359,C-118,36.41,Processing,USB Flash Drive,5,2024-11-14
360,C-137,10.81,Processing,USB Cable,3,2024-05-11
361,C-31,282.73,Delivered,Studio Headphones,1,2024-11-15
362,C-243,19.66,Delivered,HDMI Cable,2,2024-05-07
363,C-214,244.81,Delivered,Docking Station,2,2024-04-07
364,C-204,32.59,Cancelled,Surge Protector,4,2024-12-01
365,C-219,999.98,Pending,Drone,4,2024-07-29
366,C-19,166.12,Pending,Studio Headphones,1,2024-08-15
367,C-99,257.11,Pending,Router,2,2024-08-29
368,C-83,145.02,Pending,Wireless Earbuds,5,2024-09-25
369,C-137,358.93,Delivered,Graphics Tablet,1,2024-05-30
370,C-38,84.48,Processing,Graphics Tablet,1,2024-12-21
371,C-151,25.15,Cancelled,USB Flash Drive,5,2024-08-27
372,C-107,49.29,Delivered,Power Bank,2,2024-02-27
373,C-220,15.93,Shipped,Printer Cable,3,2024-06-15
374,C-242,21.42,Delivered,Mouse Pad,1,2024-09-21
375,C-167,61.72,Pending,Ring Light,3,2024-08-21
376,C-40,66.22,Pending,Laptop Stand,4,2024-09-12
377,C-105,81.27,Cancelled,UPS Battery Backup,5,2024-11-02
378,C-210,161.22,Processing,Headphones,5,2024-02-13
379,C-94,75.88,Delivered,Power Bank,5,2024-12-24
380,C-88,84.95,Shipped,Ring Light,1,2024-07-28
381,C-155,2243.34,Shipped,3D Printer,1,2024-08-03
382,C-217,66.3,Delivered,SD Card,3,2024-07-19
383,C-68,59.42,Processing,Network Switch,3,2024-01-22
384,C-115,376.63,Processing,MIDI Keyboard,1,2024-11-26
385,C-207,152.97,Cancelled,Studio Headphones,4,2024-10-14
386,C-40,13.13,Delivered,Screen Protector,5,2024-02-28
387,C-101,49.07,Processing,Laptop Cooling Pad,2,2024-03-16
388,C-247,98.52,Shipped,MIDI Keyboard,1,2024-08-10
389,C-46,104.48,Cancelled,Webcam,3,2024-06-12
390,C-202,14.0,Processing,Screen Protector,2,2024-08-10
391,C-60,12.6,Cancelled,Screen Protector,2,2024-07-21
392,C-115,260.12,Pending,Portable Monitor,4,2024-07-18
393,C-120,18.29,Pending,Printer Cable,5,2024-09-08
394,C-63,356.72,Delivered,Studio Microphone,3,2024-07-10
395,C-26,156.68,Cancelled,External SSD,1,2024-04-29
396,C-298,345.02,Processing,Studio Headphones,2,2024-08-19
397,C-83,20.52,Processing,HDMI Cable,2,2024-11-28
398,C-278,377.05,Delivered,Drone,1,2024-06-04
399,C-1,239.96,Processing,Headphones,4,2024-06-14
400,C-231,363.27,Processing,Action Camera,4,2024-04-01
401,C-177,190.91,Pending,Smart Watch,5,2024-12-25
402,C-80,46.04,Pending,Wireless Mouse,2,2024-07-11
403,C-290,221.5,Shipped,Studio Headphones,2,2024-03-23
404,C-47,20.79,Cancelled,Phone Charger,2,2024-10-17
405,C-34,141.09,Pending,Microphone,1,2024-05-23
406,C-240,186.8,Cancelled,Microphone,3,2024-12-21
407,C-229,106.01,Delivered,Mechanical Keyboard,5,2024-12-27
408,C-176,27.08,Shipped,Wireless Charger,4,2024-07-01
409,C-124,11.54,Cancelled,HDMI Cable,2,2024-01-24
410,C-38,51.26,Shipped,Wireless Mouse,3,2024-03-26
411,C-111,38.34,Delivered,Surge Protector,1,2024-06-06
412,C-300,35.25,Shipped,Tablet Stand,3,2024-01-27
413,C-230,260.98,Shipped,Router,4,2024-04-09
414,C-92,116.14,Delivered,UPS Battery Backup,4,2024-07-29
415,C-234,87.18,Delivered,Keyboard,3,2024-09-21
416,C-69,102.86,Pending,Webcam,1,2024-06-02
417,C-206,29.21,Delivered,Laptop Sleeve,5,2024-05-28
418,,278.65,Processing,Headphones,5,2024-05-11
419,C-109,296.28,Shipped,External SSD,2,2024-10-05
420,C-165,15.31,Delivered,Mouse Pad,3,2024-03-24
421,C-89,228.11,Shipped,External SSD,2,2024-08-30
422,C-288,196.81,Delivered,Router,3,2024-07-20
423,C-157,497.53,Shipped,Audio Interface,2,2024-03-15
424,C-13,49.55,Cancelled,Laptop Cooling Pad,4,2024-03-25
425,C-58,82.89,Delivered,Laptop Bag,1,2024-02-03
426,C-65,221.91,Delivered,UPS Battery Backup,3,2024-11-09
427,C-81,136.12,Pending,UPS Battery Backup,3,2024-08-19
428,C-200,21.52,Processing,HDMI Cable,2,2024-03-12
429,C-179,114.97,Delivered,External SSD,1,2024-12-01
430,C-31,37.89,Delivered,Power Bank,5,2024-05-09
431,C-58,21.56,Processing,HDMI Cable,1,2024-12-23
432,C-258,128.19,Cancelled,Studio Headphones,1,2024-07-13
433,C-97,263.71,Delivered,Studio Headphones,5,2024-10-12
434,C-79,162.37,Shipped,Gaming Headset,1,2024-06-03
435,C-6,13.9,Delivered,Screen Protector,2,2024-04-19
436,C-61,93.97,Processing,Drawing Tablet,5,2024-07-14
437,C-225,369.97,Cancelled,Audio Interface,3,2024-08-13
438,C-116,13.84,Pending,HDMI Cable,2,2024-08-17
439,C-126,83.66,Shipped,Fitness Tracker,3,2024-07-06
440,C-32,231.7,Delivered,Graphics Tablet,4,2024-04-29
441,C-128,160.56,Delivered,Microphone,4,2024-07-14
442,C-186,158.07,Delivered,Headphones,5,2024-06-16
443,C-4,755.87,Delivered,VR Headset,3,2024-09-03
444,C-180,115.39,Delivered,Laptop Bag,3,2024-01-24
445,C-241,142.52,Shipped,Graphics Tablet,2,2024-02-01
446,C-99,22.53,Processing,Screen Protector,4,2024-05-18
447,C-28,23.14,Shipped,Ethernet Cable,1,2024-12-31
448,C-201,225.2,Pending,Gaming Headset,2,2024-10-31
449,C-127,65.39,Delivered,Microphone,2,2024-07-01
450,C-264,266.27,Pending,Headphones,3,2024-12-08
451,C-268,133.45,Processing,Studio Headphones,4,2024-11-16
452,C-121,273.47,Shipped,Studio Headphones,4,2024-10-02
453,C-170,242.65,Shipped,Docking Station,5,2024-06-18
454,C-245,204.48,Cancelled,Drawing Tablet,1,2024-08-19
455,C-65,9.53,Pending,USB Cable,3,2024-08-11
456,C-247,28.65,Cancelled,Phone Case,2,2024-03-29
457,C-27,12.3,Pending,Ethernet Cable,4,2024-09-27
458,C-296,45.68,Cancelled,Laptop Cooling Pad,2,2024-01-21
459,C-136,33.38,Delivered,Wireless Charger,1,2024-04-15
460,C-111,107.42,Processing,Laptop Bag,5,2024-04-14
461,C-263,446.05,Delivered,VR Headset,4,2024-01-04
462,C-139,34.47,Shipped,SD Card,5,2024-08-03
463,C-169,266.78,Processing,MIDI Keyboard,1,2024-08-20
464,C-270,128.34,Pending,Studio Headphones,5,2024-10-24
465,C-249,30.91,Shipped,Mouse Pad,2,2024-03-23
466,C-286,73.43,Pending,Fitness Tracker,4,2024-03-24
467,C-199,12.67,Cancelled,Printer Cable,5,2024-07-10
468,C-82,209.96,Shipped,Smart Watch,5,2024-06-10
469,C-118,35.06,Shipped,USB Hub,2,2024-10-19
470,C-160,792.85,Delivered,VR Headset,4,2024-07-10
471,C-158,29.18,Pending,Wireless Charger,2,2024-06-13
472,C-90,230.91,Processing,UPS Battery Backup,4,2024-01-18
473,C-207,29.69,Delivered,Phone Case,1,2024-01-29
474,C-109,172.08,Delivered,Network Switch,5,2024-01-26
475,C-218,21.62,Processing,HDMI Cable,1,2024-02-10
476,C-226,-48.18,Delivered,Fitness Tracker,4,2024-05-09
477,C-38,25.63,Shipped,Cable Organizer,1,2024-07-14
478,C-104,47.02,Shipped,Laptop Cooling Pad,4,2024-01-01
479,C-273,33.04,Pending,Phone Case,1,2024-10-07
480,C-91,363.63,Shipped,Studio Headphones,4,2024-10-12
481,C-286,182.48,Pending,Drawing Tablet,1,2024-03-11
482,C-112,67.95,Processing,Microphone,4,2024-09-22
483,C-96,478.54,Shipped,Smart Watch,5,2024-02-20
484,C-52,36.25,Cancelled,SD Card,2,2024-11-02
485,C-11,10.08,Delivered,Printer Cable,1,2024-07-28
486,C-203,59.54,Processing,USB Hub,5,2024-05-15
487,C-150,33.88,Delivered,Phone Case,2,2024-04-17
488,C-14,326.26,Shipped,Drawing Tablet,1,2024-12-18
489,C-145,452.16,Cancelled,Drone,4,2024-03-13
490,C-45,165.02,Shipped,UPS Battery Backup,5,2024-11-16
491,C-202,1129.35,Processing,Drone,3,2024-05-14
492,C-117,114.93,Shipped,Keyboard,1,2024-03-23
493,C-234,16.31,Delivered,HDMI Cable,2,2024-09-28
494,C-65,508.42,Pending,VR Headset,4,2024-02-17
495,C-227,19.33,Pending,Ethernet Cable,2,2024-06-22
496,C-232,203.37,Delivered,Wireless Earbuds,2,2024-08-11
497,C-296,493.02,Cancelled,Audio Interface,2,2024-02-11
498,C-233,27.54,Processing,Cable Organizer,4,2024-09-20
499,C-53,18.64,Cancelled,Ethernet Cable,3,2024-12-20
500,C-80,44.07,Delivered,Wireless Mouse,5,2024-01-20
501,C-154,259.88,Shipped,Audio Interface,3,2024-12-02
502,C-97,52.87,Delivered,Desk Lamp,1,2024-09-18
503,C-285,57.14,Cancelled,Wireless Mouse,2,2024-11-20
504,C-278,111.59,Shipped,Webcam,3,2024-02-19
505,C-55,36.46,Shipped,USB Flash Drive,2,2024-02-21
506,C-71,316.35,Delivered,Drawing Tablet,3,2024-10-19
507,C-190,61.54,Cancelled,Power Bank,2,2024-09-28
508,C-76,1279.44,Shipped,3D Printer,2,2024-05-05
509,C-77,121.47,Processing,Mechanical Keyboard,1,2024-05-17
510,,30.01,Delivered,Phone Case,1,2024-03-14
511,C-160,1484.68,Cancelled,Drone,4,2024-05-15
512,C-111,39.36,Cancelled,Phone Charger,2,2024-05-05
513,C-272,18.4,Delivered,Cable Organizer,4,2024-05-12
514,C-51,87.81,Cancelled,Fitness Tracker,1,2024-08-19
515,C-73,57.45,Processing,Laptop Cooling Pad,1,2024-12-20
516,C-245,106.38,Pending,Fitness Tracker,1,2024-02-21
517,C-254,184.94,Pending,Action Camera,4,2024-12-24
518,C-44,52.72,Processing,Wireless Mouse,1,2024-07-05
519,C-37,14.02,Shipped,HDMI Cable,1,2024-06-27
520,C-299,81.13,Cancelled,Laptop Stand,3,2024-01-11
521,C-75,1109.14,Delivered,Drone,1,2024-08-21
522,C-277,135.05,Processing,Drawing Tablet,3,2024-05-22
523,C-63,125.18,Cancelled,Docking Station,5,2024-07-18
524,C-84,51.15,Shipped,Desk Lamp,3,2024-01-30
525,C-191,39.31,Delivered,USB Flash Drive,4,2024-12-12
526,C-181,452.85,Processing,Smart Watch,4,2024-08-10
527,C-244,258.36,Pending,Monitor,2,2024-11-19
528,C-27,436.92,Processing,Monitor,5,2024-10-15
529,C-30,12.7,Cancelled,HDMI Cable,1,2024-03-13
530,C-108,-9.83,Processing,Studio Microphone,2,2024-07-04
531,C-139,41.64,Delivered,SD Card,2,2024-10-26
532,C-255,11.38,Delivered,Screen Protector,2,2024-03-05
533,C-16,48.2,Shipped,Headphones,4,2024-04-25
534,C-265,53.04,Cancelled,Laptop Cooling Pad,4,2024-10-23
535,C-146,238.66,Cancelled,MIDI Keyboard,1,2024-09-19
536,C-281,172.22,Delivered,Router,5,2024-06-23
537,C-272,23.19,Processing,Ethernet Cable,4,2024-11-28
538,C-262,72.31,Cancelled,Laptop Stand,3,2024-06-29
539,C-122,279.58,Delivered,Studio Microphone,5,2024-01-03
540,C-26,139.84,Shipped,Router,4,2024-01-12
541,C-203,20.23,Cancelled,Surge Protector,5,2024-08-15
542,C-175,929.06,Cancelled,3D Printer,2,2024-02-02
543,C-125,46.59,Processing,USB Flash Drive,1,2024-06-20
544,C-151,26.47,Processing,Ethernet Cable,3,2024-06-17
545,C-33,67.14,Cancelled,Laptop Stand,5,2024-12-14
546,C-280,19.34,Delivered,USB Cable,3,2024-01-31
547,C-170,285.31,Pending,Drawing Tablet,2,2024-06-28
548,C-232,235.83,Processing,External SSD,4,2024-09-30
549,C-148,1270.85,Cancelled,3D Printer,5,2024-06-28
550,C-180,239.88,Cancelled,Docking Station,5,2024-12-03
551,C-195,776.55,Pending,VR Headset,1,2024-03-06
552,C-171,17.95,Processing,Mouse Pad,2,2024-09-07
553,C-224,213.2,Processing,Headphones,5,2024-10-01
554,C-282,197.79,Delivered,Headphones,1,2024-07-15
555,C-262,61.77,Delivered,Bluetooth Speaker,3,2024-02-15
556,C-280,42.81,Processing,Network Switch,1,2024-09-06
557,C-149,107.78,Pending,Keyboard,5,2024-05-11
558,C-234,20.51,Pending,Surge Protector,2,2024-05-13
559,C-177,419.97,Shipped,Drone,5,2024-04-17
560,C-104,12.73,Shipped,Printer Cable,3,2024-10-10
561,C-163,17.84,Processing,Cable Organizer,4,2024-04-08
562,C-21,474.05,Delivered,Graphics Tablet,4,2024-10-25
563,C-229,11.7,Delivered,USB Cable,2,2024-05-11
564,C-44,2402.75,Delivered,3D Printer,1,2024-02-09
565,C-72,64.54,Delivered,Fitness Tracker,5,2024-04-13
566,C-268,291.89,Pending,MIDI Keyboard,4,2024-10-09
567,C-9,47.59,Delivered,Laptop Cooling Pad,1,2024-01-25
568,C-74,49.59,Processing,Surge Protector,1,2024-09-20
569,C-153,165.55,Shipped,Audio Interface,2,2024-10-05
570,C-36,15.93,Delivered,HDMI Cable,2,2024-07-26
571,C-216,427.27,Cancelled,Studio Microphone,3,2024-11-26
572,C-184,68.47,Delivered,Laptop Stand,3,2024-10-19
573,C-143,35.29,Shipped,Surge Protector,1,2024-08-14
574,C-6,190.63,Delivered,Headphones,5,2024-01-05
575,C-148,53.61,Delivered,Bluetooth Speaker,5,2024-05-09
576,C-174,247.91,Processing,MIDI Keyboard,3,2024-01-04
577,C-187,68.27,Shipped,Router,4,2024-10-11
578,C-54,26.53,Shipped,Phone Charger,2,2024-02-03
579,C-211,181.09,Delivered,MIDI Keyboard,5,2024-03-14
580,C-178,463.88,Processing,Smart Watch,5,2024-06-16
581,C-282,37.62,Pending,Power Bank,4,2024-08-28
582,C-74,98.01,Delivered,Keyboard,5,2024-05-25
583,C-6,38.16,Pending,Phone Charger,4,2024-08-11
584,C-287,375.42,Pending,Studio Headphones,2,2024-03-27
585,C-75,264.94,Shipped,External SSD,4,2024-07-04
586,C-224,14.12,Cancelled,USB Cable,4,2024-06-28
587,C-97,59.01,Cancelled,Laptop Stand,1,2024-07-14
588,C-184,167.62,Delivered,Studio Microphone,1,2024-05-01
589,C-29,209.42,Pending,Gaming Headset,5,2024-04-27
590,C-120,22.48,Pending,Cable Organizer,4,2024-05-27
591,C-21,394.05,Cancelled,Portable Monitor,2,2024-12-11
592,C-264,175.04,Cancelled,Mechanical Keyboard,2,2024-02-22
593,C-14,194.64,Cancelled,Smart Watch,1,2024-11-04
594,C-230,28.13,Cancelled,Phone Case,2,2024-12-31
595,C-256,16.63,Processing,Cable Organizer,4,2024-07-28
596,C-78,266.64,Cancelled,External SSD,5,2024-08-22
597,C-247,14.97,Processing,HDMI Cable,5,2024-06-29
598,C-87,84.76,Cancelled,Desk Lamp,3,2024-10-01
599,C-117,219.12,Shipped,External SSD,1,2024-09-18
600,C-261,250.47,Pending,Portable Monitor,5,2024-02-04
601,C-209,12.99,Cancelled,HDMI Cable,4,2024-10-13
602,C-151,66.77,Cancelled,Laptop Bag,4,2024-08-01
603,C-138,115.76,Shipped,Fitness Tracker,1,2024-08-23
604,C-191,0.0,Processing,Wireless Mouse,4,2024-11-18
605,C-38,118.0,Processing,Mechanical Keyboard,1,2024-04-19
606,C-193,243.61,Delivered,Drawing Tablet,2,2024-06-20
607,C-208,251.25,Delivered,Router,3,2024-10-28
608,C-90,1274.36,Processing,Drone,3,2024-01-31
609,C-288,28.21,Pending,Cable Organizer,4,2024-04-21
610,C-294,40.7,Shipped,Laptop Cooling Pad,1,2024-04-21
611,C-281,34.21,Processing,Wireless Mouse,3,2024-09-25
612,C-173,52.0,Pending,Tablet Stand,3,2024-09-16
613,C-227,10.76,Processing,Screen Protector,3,2024-03-03
614,C-231,451.95,Processing,VR Headset,3,2024-09-22
615,C-13,122.66,Pending,MIDI Keyboard,1,2024-03-01
616,C-259,154.13,Pending,External SSD,3,2024-02-05
617,C-260,41.19,Processing,Surge Protector,1,2024-02-26
618,C-266,105.09,Processing,Microphone,5,2024-03-19
619,C-159,39.23,Pending,Power Bank,1,2024-04-19
620,C-43,38.35,Pending,Tablet Stand,4,2024-05-25
621,C-4,235.46,Pending,Drawing Tablet,1,2024-04-24
622,C-29,19.71,Delivered,Cable Organizer,4,2024-04-13
623,C-284,100.06,Cancelled,Studio Microphone,1,2024-01-19
624,C-233,98.53,Cancelled,Gaming Headset,3,2024-02-01
625,C-23,31.31,Pending,Wireless Mouse,5,2024-07-08
626,C-144,196.96,Delivered,Network Switch,5,2024-04-07
627,C-151,295.49,Cancelled,Router,2,2024-11-12
628,C-68,102.56,Processing,Mechanical Keyboard,4,2024-10-24
629,C-282,306.42,Cancelled,Studio Headphones,3,2024-06-23
630,C-180,13.22,Pending,Printer Cable,5,2024-02-29
631,C-37,214.29,Delivered,UPS Battery Backup,2,2024-07-08
632,C-56,93.15,Delivered,Fitness Tracker,2,2024-10-29
633,C-93,1304.46,Delivered,Drone,2,2024-04-13
634,C-240,-19.45,Processing,USB Hub,2,2024-04-25
635,C-290,249.97,Shipped,Router,5,2024-07-03
636,C-262,30.65,Pending,Laptop Cooling Pad,1,2024-03-28
637,C-184,328.66,Processing,Drawing Tablet,1,2024-10-18
638,C-32,19.02,Delivered,USB Cable,5,2024-07-11
639,C-165,283.54,Shipped,Audio Interface,1,2024-10-03
640,C-85,204.98,Cancelled,Graphics Tablet,1,2024-03-14
641,C-261,50.14,Pending,Tablet Stand,3,2024-02-16
642,C-158,39.78,Delivered,Laptop Sleeve,2,2024-05-07
643,C-114,92.99,Cancelled,MIDI Keyboard,3,2024-12-27
644,C-109,327.21,Pending,Monitor,4,2024-07-05
645,C-171,263.77,Cancelled,Drawing Tablet,1,2024-03-26
646,C-271,55.88,Shipped,Laptop Bag,1,2024-03-15
647,C-274,189.04,Processing,Headphones,1,2024-10-15
648,C-202,38.36,Delivered,Wireless Charger,3,2024-06-02
649,C-258,16.47,Processing,Screen Protector,1,2024-05-20
650,C-99,162.79,Delivered,Bluetooth Speaker,5,2024-03-06
651,C-178,195.02,Delivered,Smart Watch,2,2024-02-10
652,C-96,41.34,Pending,USB Flash Drive,1,2024-03-21
653,C-74,202.07,Shipped,Audio Interface,3,2024-01-26
654,C-256,76.96,Processing,Desk Lamp,5,2024-10-01
655,C-202,46.25,Shipped,Ring Light,1,2024-02-20
656,C-286,162.82,Shipped,External SSD,3,2024-01-01
657,C-25,16.34,Delivered,USB Cable,2,2024-11-09
658,C-74,26.28,Delivered,Cable Organizer,2,2024-08-18
659,C-60,27.46,Pending,Mouse Pad,3,2024-03-11
660,C-80,54.94,Shipped,Laptop Cooling Pad,4,2024-08-30
661,C-153,362.98,Processing,Audio Interface,3,2024-03-19
662,C-161,163.32,Delivered,UPS Battery Backup,1,2024-12-09
663,C-131,272.69,Processing,Portable Monitor,4,2024-12-28
664,C-197,24.78,Shipped,Screen Protector,2,2024-12-21
665,C-13,73.76,Cancelled,Laptop Bag,2,2024-03-01
666,C-230,57.62,Cancelled,Wireless Mouse,1,2024-09-30
667,C-268,85.48,Cancelled,Laptop Bag,5,2024-02-10
668,C-137,151.8,Processing,Router,4,2024-09-13
669,C-106,314.56,Delivered,Audio Interface,5,2024-12-21
670,C-268,34.32,Shipped,Power Bank,2,2024-11-06
671,C-174,41.75,Pending,Tablet Stand,2,2024-12-11
672,C-211,646.43,Cancelled,VR Headset,3,2024-02-03
673,C-81,297.37,Pending,UPS Battery Backup,5,2024-10-15
674,C-158,215.93,Processing,Gaming Headset,1,2024-12-25
675,C-12,73.41,Shipped,Ring Light,3,2024-11-13
676,C-100,1278.48,Shipped,Drone,3,2024-10-12
677,C-77,95.89,Shipped,Webcam,2,2024-04-13
678,C-152,55.86,Processing,Laptop Stand,5,2024-06-24
679,C-197,15.47,Pending,Mouse Pad,2,2024-02-24
680,C-248,53.77,Cancelled,USB Hub,4,2024-02-23
681,C-10,148.53,Pending,Docking Station,1,2024-10-08
682,C-290,213.11,Delivered,Wireless Earbuds,2,2024-03-16
683,C-63,27.48,Shipped,Phone Case,4,2024-11-18
684,C-230,259.91,Cancelled,Action Camera,3,2024-12-23
685,C-155,66.22,Processing,Laptop Stand,3,2024-03-18
686,C-195,553.71,Delivered,3D Printer,2,2024-02-22
687,C-212,350.7,Delivered,MIDI Keyboard,4,2024-03-02
688,C-65,20.21,Processing,Cable Organizer,3,2024-11-17
689,C-272,53.35,Cancelled,Laptop Stand,2,2024-06-16
690,C-115,105.8,Cancelled,Fitness Tracker,3,2024-10-27
691,C-143,257.76,Delivered,Docking Station,1,2024-01-30
692,C-296,75.67,Delivered,Network Switch,2,2024-06-26
693,C-203,255.47,Pending,External SSD,3,2024-03-04
694,C-39,16.19,Delivered,Printer Cable,2,2024-07-29
695,C-246,67.12,Pending,Ring Light,2,2024-10-03
696,C-160,233.08,Delivered,Gaming Headset,3,2024-10-20
697,C-178,82.17,Processing,Router,3,2024-04-02
698,C-227,469.31,Pending,Audio Interface,2,2024-03-11
699,C-173,160.64,Pending,Docking Station,1,2024-08-27
700,C-144,20.1,Shipped,Ethernet Cable,4,2024-05-25
701,C-188,133.4,Pending,Fitness Tracker,2,2024-04-22
702,C-299,19.5,Delivered,Cable Organizer,4,2024-03-27
703,C-188,255.46,Processing,External SSD,2,2024-10-25
704,C-150,39.31,Processing,Phone Case,2,2024-11-22
705,C-258,68.58,Cancelled,Laptop Stand,3,2024-12-19
706,C-8,10.27,Pending,Ethernet Cable,2,2024-12-12
707,C-181,187.99,Pending,Webcam,3,2024-03-20
708,C-170,27.82,Shipped,Cable Organizer,3,2024-06-07
709,C-133,649.74,Shipped,VR Headset,2,2024-01-02
710,C-106,264.43,Pending,Action Camera,4,2024-06-11
711,C-205,181.91,Pending,Gaming Headset,1,2024-04-27
712,C-142,109.23,Processing,Mechanical Keyboard,4,2024-05-05
713,C-221,389.61,Cancelled,Smart Watch,5,2024-01-05
714,C-59,150.33,Cancelled,Gaming Headset,1,2024-11-22
715,C-51,15.19,Shipped,HDMI Cable,4,2024-07-22
716,C-230,36.04,Delivered,Tablet Stand,1,2024-03-04
717,C-19,290.05,Shipped,Audio Interface,4,2024-02-16
718,C-237,58.24,Shipped,Tablet Stand,1,2024-07-08
719,C-228,103.33,Cancelled,Network Switch,2,2024-12-24
720,C-274,124.42,Cancelled,Mechanical Keyboard,3,2024-02-24
721,C-33,106.25,Shipped,Fitness Tracker,1,2024-01-27
722,C-177,144.08,Shipped,Network Switch,3,2024-01-31
723,C-251,9.65,Processing,Ethernet Cable,4,2024-05-27
724,C-293,297.83,Pending,Audio Interface,4,2024-09-20
725,C-282,95.86,Cancelled,Network Switch,2,2024-02-05
726,C-200,696.39,Cancelled,3D Printer,1,2024-07-13
727,C-125,238.22,Processing,Action Camera,3,2024-01-27
728,C-89,2959.4,Pending,3D Printer,2,2024-02-21
729,C-6,34.03,Processing,Wireless Charger,2,2024-04-10
730,C-105,31.97,Pending,SD Card,5,2024-09-20
731,C-248,1442.67,Processing,Drone,5,2024-12-16
732,C-113,177.14,Cancelled,Action Camera,1,2024-10-25
733,C-130,21.3,Delivered,Phone Charger,2,2024-09-21
734,C-123,145.05,Delivered,Router,4,2024-08-08
735,C-243,250.64,Cancelled,External SSD,1,2024-05-11
736,C-112,29.99,Cancelled,USB Flash Drive,1,2024-09-05
737,C-113,218.8,Cancelled,Monitor,2,2024-02-11
738,C-209,32.1,Shipped,USB Flash Drive,4,2024-03-29
739,C-115,33.12,Cancelled,Phone Charger,2,2024-09-03
740,C-71,1987.54,Shipped,3D Printer,4,2024-05-07
741,C-125,0.0,Cancelled,Network Switch,2,2024-06-17
742,C-199,18.25,Delivered,Printer Cable,4,2024-02-11
743,C-171,139.99,Shipped,Webcam,2,2024-02-02
744,C-192,10.04,Processing,Ethernet Cable,3,2024-03-03
745,C-69,22.12,Processing,USB Flash Drive,4,2024-09-11
746,C-9,108.33,Pending,Fitness Tracker,1,2024-02-08
747,C-137,128.37,Processing,Mechanical Keyboard,5,2024-04-08
748,C-238,402.64,Delivered,Graphics Tablet,4,2024-06-13
749,C-105,82.91,Cancelled,Laptop Stand,1,2024-05-31
750,C-17,323.05,Pending,Studio Headphones,4,2024-12-08
751,C-12,272.9,Pending,Docking Station,3,2024-03-22
752,C-101,174.35,Cancelled,Studio Headphones,5,2024-09-08
753,C-72,139.14,Shipped,Keyboard,5,2024-03-31
754,C-291,27.99,Shipped,Laptop Sleeve,2,2024-10-31
755,C-300,18.57,Delivered,HDMI Cable,5,2024-01-28
756,C-226,129.13,Delivered,Webcam,3,2024-08-20
757,C-8,277.56,Delivered,UPS Battery Backup,4,2024-09-09
758,C-16,163.34,Pending,Router,5,2024-01-06
759,C-6,54.81,Cancelled,Wireless Earbuds,1,2024-07-29
760,C-80,34.4,Delivered,Laptop Sleeve,1,2024-12-21
761,C-17,32.75,Delivered,Phone Charger,5,2024-06-27
762,C-261,186.93,Cancelled,Wireless Earbuds,5,2024-03-22
763,C-205,-11.34,Delivered,UPS Battery Backup,1,2024-05-10
764,C-156,19.38,Processing,Printer Cable,2,2024-08-31
765,C-82,73.06,Delivered,Desk Lamp,2,2024-04-28
766,C-152,42.79,Pending,Tablet Stand,3,2024-10-08
767,C-24,18.56,Processing,Cable Organizer,5,2024-09-15
768,C-122,146.04,Pending,Audio Interface,5,2024-02-26
769,,54.78,Delivered,Fitness Tracker,3,2024-03-07
770,C-42,784.01,Processing,VR Headset,5,2024-05-06
771,C-199,165.14,Pending,Audio Interface,1,2024-05-22
772,C-158,51.36,Shipped,Fitness Tracker,4,2024-09-16
773,C-267,27.18,Pending,Ethernet Cable,4,2024-06-29
774,C-288,33.68,Shipped,Wireless Charger,3,2024-09-08
775,C-46,183.57,Cancelled,Microphone,1,2024-08-18
776,C-144,19.21,Delivered,Cable Organizer,1,2024-06-24
777,C-69,194.35,Shipped,External SSD,3,2024-08-11
778,C-218,26.25,Shipped,USB Hub,3,2024-12-17
779,C-264,24.83,Processing,Phone Case,2,2024-01-17
780,C-116,89.39,Cancelled,Webcam,2,2024-07-14
781,C-148,35.56,Delivered,Laptop Sleeve,3,2024-05-07
782,C-187,29.45,Processing,Wireless Charger,2,2024-12-25
783,C-277,177.86,Delivered,Gaming Headset,4,2024-08-27
784,C-293,30.55,Delivered,Mouse Pad,4,2024-10-15
785,C-19,507.84,Shipped,Monitor,4,2024-08-12
786,C-204,17.06,Delivered,Mouse Pad,3,2024-12-28
787,C-287,35.58,Processing,Laptop Sleeve,1,2024-05-10
788,C-60,35.22,Cancelled,Wireless Charger,5,2024-12-28
789,C-25,83.31,Delivered,Laptop Bag,3,2024-11-20
790,C-120,10.2,Shipped,USB Cable,3,2024-04-24
791,C-38,41.53,Shipped,Laptop Cooling Pad,2,2024-06-05
792,C-156,363.92,Processing,Studio Microphone,5,2024-02-14
793,C-175,65.35,Shipped,SD Card,1,2024-09-11
794,C-185,33.69,Pending,USB Hub,2,2024-04-18
795,C-211,139.01,Processing,Studio Headphones,2,2024-03-06
796,C-125,50.26,Pending,Tablet Stand,5,2024-03-21
797,C-81,10.63,Shipped,Printer Cable,3,2024-08-18
798,C-201,113.03,Cancelled,External SSD,4,2024-09-20
799,C-223,40.66,Shipped,Tablet Stand,3,2024-11-16
800,C-103,427.03,Cancelled,Graphics Tablet,2,2024-10-09
801,C-190,34.19,Pending,Tablet Stand,5,2024-11-29
802,C-275,605.11,Pending,VR Headset,4,2024-05-19
803,C-195,37.9,Cancelled,Laptop Cooling Pad,4,2024-03-10
804,C-157,47.12,Cancelled,Phone Case,5,2024-11-09
805,C-272,23.8,Shipped,HDMI Cable,4,2024-05-02
806,C-211,1397.26,Processing,3D Printer,1,2024-05-15
807,C-215,125.74,Processing,Fitness Tracker,3,2024-05-14
808,C-85,46.02,Cancelled,Laptop Stand,1,2024-08-22
809,C-6,179.86,Cancelled,Webcam,5,2024-12-09
810,C-39,18.97,Processing,Mouse Pad,1,2024-12-08
811,,147.33,Shipped,Webcam,1,2024-02-17
812,C-76,217.31,Shipped,Action Camera,5,2024-07-09
813,C-300,644.19,Pending,VR Headset,4,2024-02-29
814,C-276,1309.09,Shipped,3D Printer,2,2024-04-02
815,C-285,48.44,Shipped,Tablet Stand,4,2024-02-18
816,C-214,18.02,Delivered,Printer Cable,4,2024-07-23
817,C-190,141.83,Pending,Fitness Tracker,5,2024-10-19
818,C-180,49.1,Processing,Desk Lamp,4,2024-01-27
819,C-213,30.37,Cancelled,Phone Charger,2,2024-03-17
820,C-148,10.15,Delivered,Printer Cable,1,2024-11-04
821,C-271,203.0,Delivered,External SSD,5,2024-09-03
822,C-24,152.69,Delivered,Webcam,3,2024-05-06
823,C-253,110.36,Pending,UPS Battery Backup,4,2024-07-10
824,C-112,285.76,Delivered,UPS Battery Backup,2,2024-02-12
825,C-287,15.8,Cancelled,Screen Protector,4,2024-07-23
826,C-97,180.26,Shipped,Studio Headphones,4,2024-07-02
827,C-40,91.82,Shipped,Ring Light,2,2024-08-25
828,C-51,119.92,Shipped,Docking Station,2,2024-09-18
829,C-260,229.25,Cancelled,Router,5,2024-02-02
830,C-111,119.09,Shipped,Keyboard,2,2024-10-22
831,C-246,-35.15,Processing,Webcam,1,2024-07-21
832,C-163,68.88,Pending,SD Card,2,2024-05-26
833,C-204,44.97,Delivered,Wireless Charger,3,2024-04-12
834,C-168,161.38,Cancelled,Mechanical Keyboard,1,2024-04-11
835,C-288,16.78,Processing,Ethernet Cable,3,2024-11-15
836,C-4,38.99,Cancelled,Wireless Charger,5,2024-04-26
837,,446.12,Pending,Studio Microphone,3,2024-03-29
838,C-125,187.0,Delivered,Microphone,1,2024-08-21
839,C-171,19.22,Pending,Screen Protector,4,2024-06-22
840,C-49,342.26,Shipped,Drawing Tablet,3,2024-01-05
841,C-215,256.48,Shipped,UPS Battery Backup,3,2024-05-05
842,C-57,2069.6,Cancelled,3D Printer,1,2024-11-29
843,C-49,175.16,Shipped,Gaming Headset,1,2024-04-08
844,C-62,108.33,Processing,UPS Battery Backup,5,2024-12-27
845,C-110,29.96,Shipped,Surge Protector,1,2024-08-01
846,C-194,47.94,Processing,Phone Case,1,2024-11-05
847,C-251,22.46,Pending,Surge Protector,4,2024-01-23
848,C-287,411.16,Cancelled,Action Camera,1,2024-01-27
849,C-100,25.93,Shipped,USB Flash Drive,1,2024-10-05
850,C-241,58.63,Processing,Laptop Stand,4,2024-06-13
