employee_id,name,department,salary,hire_date,status
E0137,Rachel Hall,Customer Success,83278,2016-02-24,active
E0629,Olivia Young,operations,82229,2020-04-24,active
E0185,Bob Young,Finance,136941,2016-06-09,active
E0032,Zoe Allen,Data,153233,2019-04-30,active
E0678,Beth Taylor,Customer Success,68791,2021-12-30,active
E0937,Diana Carter,Customer Success,64352.0,2024-01-14,active
E0290,Julia Anderson,Engineering,87119,2022-02-22,active
E0328,David Jones,Customer Success,73496,2017-03-21,active
E0492,Karen Jones,Legal,154981,2019-05-24,active
E0395,James Smith,Operations,75445,2018-02-17,active
E0667,Yara King,Product,89863,2018-03-20,active
E0546,Xander Williams,Data,127059,2020-02-26,active
E0870,David Martin,HR,78878,2020-07-29,inactive
E0762,Paul Moore,Engineering,97161,2021-11-17,active
E0257,Mia Wilson,HR,62927.0,2023-08-26,active
E0077,Julia Thomas,Product,138233,2016-12-12,active 
E0774,Grace Miller,sales,89168,2023-09-28,active
E0851,Diana Jones,Marketing,63187,2021-05-27,active
E0332,Paul Jackson,Operations,75906,2018-02-12,active
E0630,Karen Lee,HR,59854,2023-06-03,active
E0969,David Adams,Finance,79989,2018-06-19,active
E0812,Wendy Garcia,Engineering,115035,2015-08-28,Inactive
E0378,Uma Thomas,Operations,90967,2019-02-01,inactive
E0723,Uma Perez,Engineering,87944,2018-11-14,active
E0623,Diana Roberts,Operations,76213,2020-11-27,Active
E0430,Xander Thomas,Product,138108,,active
E0917,Tara Thompson,Engineering,113085,2020-10-30,inactive
E0087,Chris Garcia,Finance,112913,2024-05-27,active
E0319,Nina Thompson,Customer Success,64390,2017-11-05,INACTIVE
E0591,George Allen,Operations,58169,2020-07-19,inactive
E0175,Henry Hall,Engineering,129062,2024-05-23,active
E0209,Isla Young,Product,88807,2015-06-14,active
E0520,Beth King,Product,137183,2019-09-04,inactive
E0971,Ivan Johnson,Product,119744,2021-08-04,inactive
E0954,Nina Miller,Operations,92977,2019-07-16,active
E0114,Paul Harris,Product,142923,2017-07-17,active
E0440,Fiona Roberts,HR,93018,2023-03-14,inactive
E0555,Henry Walker,Marketing,79976,2018-12-11,active
E0540,Ethan Green,Finance,75517.0,2019-09-30,inactive
E0060,Isla Wilson,Legal,100650,2022-10-16,active
E0549,Nina Scott,Data,140397,2016-07-08,active
E0695,,customer success,66565,2017-06-26,active
E0690,Alice King,Customer Success,49573,2016-07-08,active
E0200,Isla Wilson,OPERATIONS,54963,2022-11-13,active
E0779,Henry Thomas,Product,116081,2020-10-24,active
E0735,Ivan Thompson,HR,84520,2017-02-12,inactive
E0443,Quinn Adams,Product,102043,2018-04-20,active
E0517,  Aaron Thomas  ,Legal,159308,2017-06-04,active
E0948,Olivia Walker,Finance,108697,2017-03-31,active
E0281,Alice Allen,Sales,69431,2017-02-19,active
E0322,Ethan Harris,Product,132009,2021-10-25,active
E0050,Tara Taylor,Product,133402,2023-10-20,active
E0888,Fiona White,Sales,75637,2021-07-22,active 
E0110,,Data,111280,2021-11-09,inactive
E0981,Quinn Smith,Marketing,62236,2017-08-23,active
E0074,Chris Brown,Data,91533,2017-07-29,active
E0476,Emma Johnson,Engineering,100921,2019-10-09,active
E0962,Ethan Williams,Engineering,103852,2023-01-01,active
E0011,,HR,63467,2019-01-24,active
E0502,Julia Thomas,Operations,83421,2020-06-08,active
E0524,Quinn Smith,Product,132456,2024-03-17,active
E0662,Aaron Turner,Marketing,95251.0,2021-04-29,active
E0071,Isla Brown,Data,131131,2015-05-29,inactive
E0086,Yara Miller,HR,57660,2021-05-10,active
E0627,Diana Roberts,Customer Success,61913,2024-01-16,INACTIVE
E0262,Diana Martin,Legal,93158,2018-12-14,inactive
E0362,Beth Hall,Finance,93090,2020-01-12,active
E0399,Isla Hall,Engineering,134583.0,2015-01-01,active
E0343,George Miller,Legal,111860,2016-03-04,inactive 
E0437,Laura Green,Finance,109026.0,2017-11-14,active
E0531,  Karen Allen  ,Sales,68567,2015-04-04,active
E0333,Olivia Perez,Customer Success,76389,2016-02-21,active
E0140,Chris Roberts,Engineering,127744,2021-10-01,active
E0882,Xander Walker,operations,88153.0,2019-12-30,active
E0760,Yara Nelson,Operations,51885,22/07/2019,Active 
E0313,Karen Carter,Marketing,90060,2023-11-19,active
E0925,Paul Jackson,Engineering,121352,2022-06-28,active
E0142,Bob Lee,Legal,132318,2023-07-29,inactive
E0834,Mia White,Data,,2019-04-13,active
E0169,Frank Johnson,data,132202,2015-12-29,active 
E0718,Emma Taylor,Data,148851,2020-08-26,active
E0949,Laura Carter,Finance,120675,2020-07-02,active
E0089,Uma Williams,Customer Success,73864,2019-06-13,active
E0843,Tara Harris,Marketing,320377,2016-04-20,inactive 
E0306,Ethan Thomas,Product,139126,2020-03-11,active
E0102,Mia Wilson,Finance,125828,2022-01-21,ACTIVE 
E0311,Diana Davis,Operations,52182,2021-03-17,active
E0860,Rachel Young,Legal,115517,2023-10-04,ACTIVE 
E0452,Carol Miller,Engineering,153900,2018-07-18,active
E0097,Bob Lee,Data,143544,2019-09-13,Active 
E0815,Rachel Williams,Data,146889,2024-04-07,active
E0793,Fiona Miller,Data,93364,2022-03-25,inactive
E0031,David Allen,HR,71398,2019-03-25,active
E0159,Mike Jones,Operations,85834,2020-04-23,active
E0689,Olivia Smith,Marketing,86713,2023-10-05,active
E0055,Laura Williams,Engineering,123030,2019-09-04,active
E0024,Mike Moore,Customer Success,57347,2019-07-31,inactive
E0612,Wendy Hall,Legal,143313,2021-05-29,active
E0740,Victor Roberts,Engineering,106987,2023-03-17,active
E0645,Sam Roberts,Product,111307,2018-04-16,inactive
E0634,Grace Jackson,Legal,136288,2019-07-25,active
E0602,Diana Roberts,Finance,128031,2020-01-21,active
E0179,Wendy Jackson,Sales,89166,2016-06-19,active
E0004,Ivan Garcia,Customer Success,59012,2020-06-27,ACTIVE 
E0278,Yara Hall,HR,83579,2017-10-02,active
E0594,Olivia Martin,Customer Success,62047,2023-04-13,inactive
E0293,Olivia Jackson,Data,81132,2024-02-21,INACTIVE
E0299,Carol Anderson,Engineering,,2017-03-21,active
E0817,George Allen,Data,137134,2024-01-15,inactive
E0874,James White,Finance,85617,2015-08-20,active
E0232,Ethan Hall,Finance,84890,2018-09-04,inactive
E0211,Alice Adams,HR,71398,2022-03-19,INACTIVE
E0459,  Wendy Moore  ,Operations,70972.0,2017-01-29,active
E0924,Aaron Wright,HR,71409,2018-08-02,active
E0933,Uma Green,Finance,124440,2015-09-01,active
E0457,Julia Thomas,Engineering,158940,2016-08-19,inactive
E0406,Carol Hall,Operations,90399,2017-11-21,active
E0064,Yara Anderson,Legal,145162,2021-06-04,active
E0320,Hannah Adams,Finance,90387,2021-04-11,active
E0469,Zoe Anderson,Legal,169294,2020-04-20,active
E0441,Fiona Phillips,Finance,87331,2019-03-08,active
E0101,Beth Johnson,Customer Success,60132,2015-04-28,active
E0337,Diana Thompson,engineering,141082,2019-02-02,active
E0451,Fiona Turner,Customer Success,73182,2017-06-10,active
E0409,Frank Baker,Product,102748,2016-03-08,active
E0108,Nina Garcia,Sales,64980,2023-13-01,active
E0169,Frank Johnson,data,132202,2015-12-29,active 
E0040,Sam Hall,Legal,102249,2020-12-24,active
E0199,Sam Thompson,Data,97295,2016-06-12,active
E0238,Noah Jones,Marketing,380500,2017-07-05,active
E0576,Olivia Young,HR,56868,2016-09-20,inactive
E0193,Ivan Turner,Data,101582,2019-03-07,active
E0705,Chris Thomas,Legal,93782,2017-08-24,inactive
E0724,Hannah Adams,Sales,55604,2024-06-22,inactive
E0067,Henry Allen,Legal,138859,2015-10-23,active
E0068,Victor Johnson,Customer Success,50844,2022-08-19,active
E0921,,Legal,162110,2018-01-31,active
E0498,Alice Williams,Finance,,,inactive
E0214,Olivia Moore,Data,7106,2017-01-25,active
E0831,  Tara Carter  ,HR,58323,2022-11-26,active
E0835,Hannah Baker,Legal,135378,2024-02-24,active
E0650,Mia Green,Customer Success,73263,2020-01-03,inactive
E0351,Ethan Williams,Operations,93767,2017-06-13,Inactive
E0862,Mike Anderson,FINANCE,111615,2020-01-11,active
E0603,Henry Anderson,Product,122739.0,2019-12-23,active
E0559,Laura Walker,HR,58025,2019-06-08,active
E0878,Victor Jackson,Data,128064,2019-11-30,active
E0788,Mike Scott,Customer Success,59409,2016-09-10,active
E0183,Wendy Phillips,Finance,89489,2023-03-03,active
E0746,Karen Taylor,Sales,,2017-06-03,active 
E0309,Noah Thomas,Engineering,105498,2020-10-11,active
E0707,Liam Brown,Operations,96438,2022-05-16,active
E0405,Carol Turner,Sales,65493,2019-07-01,Active 
E0003,Frank Martin,Data,140603,2020-12-14,Active 
E0431,Aaron Harris,Customer Success,48169,2018-01-26,inactive
E0545,Yara Wright,Engineering,137054,2018-05-23,active
E0771,Hannah Jones,Marketing,93469,2022-01-20,active
E0345,George Scott,Customer Success,63899,2020-10-29,active
E0980,Paul Jones,Engineering,144131,2019-01-22,inactive
E0987,  Beth Hall  ,Engineering,107700,2019-05-22,active
E0785,Fiona Perez,Operations,66136,2017-04-18,inactive
E0484,Emma Hall,HR,63053,2022-10-04,active
E0916,,Sales,61482,2019-09-15,active
E0358,Victor Mitchell,Finance,134413,2017-08-08,active
E0558,Quinn Nelson,Marketing,101911,2020-01-10,inactive
E0586,Laura Johnson,Finance,130341,2017-06-26,active
E0722,Aaron Garcia,Customer Success,63226,2022-07-19,active
E0965,Zoe Turner,HR,68358,2022-10-27,active
E0881,Uma Phillips,Sales,105272,2020-10-23,active
E0219,Isla Lee,Customer Success,73154,2018-11-28,active
E0360,Paul Perez,operations,75008,2020-04-22,active 
E0754,Yara Green,Sales,413407,2018-07-30,active
E0548,,Operations,,2019-03-08,active
E0248,Diana Anderson,Legal,93846,2022-09-13,ACTIVE 
E0768,Mike Thomas,Legal,135518,2023-09-24,inactive
E0903,Chris Jackson,Legal,90090,2021-11-03,active
E0307,Uma Jones,Sales,,2016-12-14,inactive 
E0107,Victor Baker,Finance,119157,2020-05-12,inactive
E0988,Julia King,HR,84918,2019-06-06,active
E0056,Tara King,Product,115859,2022-01-09,active
E0121,Quinn Johnson,Customer Success,79326,2020-12-12,active
E0801,Sam Allen,HR,81366,2015-12-18,active
E0026,Sam Anderson,Finance,110709,2019-08-06,active
E0073,Julia Lee,Finance,136591,2024-05-24,active
E0210,Emma Johnson,HR,64230.0,2023-02-14,active
E0045,Wendy Lee,HR,88077,2022-06-16,active
E0315,Beth Jones,Customer Success,76486,2017-12-20,active
E0867,David Perez,Legal,167018,2023-01-27,active
E0654,Fiona Walker,Sales,70300,2019-05-19,inactive
E0329,,Sales,117592,2016-06-27,active
E0926,Sam Allen,Engineering,111616,2020-08-21,active
E0352,Yara Nelson,Operations,57556,2023-01-29,inactive
E0957,Grace Jones,Engineering,116212,2020-08-29,active
E0636,Noah Carter,Marketing,83643.0,2023-11-18,active
E0715,Paul Baker,Legal,149682,2021-01-13,active
E0371,Olivia Jones,HR,70723,2020-12-22,active
E0686,Alice Jones,Marketing,77886,2019-02-09,active
E0811,Noah Jones,CUSTOMER SUCCESS,71807,2019-02-10,active
E0539,Paul Johnson,Engineering,112610,2018-01-04,active
E0615,Sam Wilson,Engineering,142673,2019-10-07,active
E0465,Zoe Miller,Sales,112481,,active
E0999,Sam Young,Finance,130636,2022-07-04,Active
E0363,Isla White,Finance,114494,,active
E0544,Chris Hall,Engineering,98589,2022-03-11,active
E0618,Liam Roberts,Legal,111849,2021-08-24,active
E0061,Yara Green,Product,140135,2023-01-07,active
E0842,Quinn Moore,Engineering,88285,2024-06-23,active 
E0696,Emma Martin,Product,130996,2019-06-07,INACTIVE
E0093,Emma Williams,Sales,,2016-11-02,active
E0635,Ivan Martin,Engineering,155886,2021-04-14,active
E0382,Laura Perez,Engineering,124309,2020-11-11,active
E0507,Yara Thomas,Marketing,,2016-07-01,active
E0694,David Williams,Operations,97906,2024-04-01,active
E0875,Xander Wilson,Sales,74358,2023-03-30,active
E0854,Laura Phillips,Customer Success,66082,2024-04-10,active
E0973,Emma Garcia,CUSTOMER SUCCESS,81576,2022-10-30,Active
E0632,Carol Thompson,HR,92900,2016-04-08,inactive
E0245,Beth Baker,Sales,106889,2018-02-08,active
E0347,Diana King,HR,73372,2018-11-13,inactive
E0353,David Anderson,HR,82025,2021-08-12,active
E0276,Frank Carter,Marketing,71949,2023-11-06,inactive
E0266,Zoe Lee,Sales,108903,2018-10-25,active
E0308,Tara Walker,Customer Success,60829,2015-06-24,inactive 
E0919,Hannah Garcia,Engineering,129760,2017-05-05,active
E0529,Yara Jackson,Customer Success,51207,2019-03-04,active
E0515,Liam Williams,Product,93657,2018-07-27,active
E0111,Mia Anderson,Finance,77712.0,2020-05-01,active
E0737,Ethan Roberts,Finance,124991,2017-04-08,active
E0579,Ethan Perez,Engineering,156411,2022-04-06,active 
E0535,Ivan Jones,Finance,91373,2015-10-29,inactive
E0696,Emma Martin,Product,130996,2019-06-07,INACTIVE
E0534,Yara Davis,Operations,60419,2024-06-11,ACTIVE 
E0449,,Customer Success,70997,2020-03-02,active
E0295,Mia Adams,hr,86697,2023-06-10,active
E0300,Rachel Baker,Engineering,123431,2015-10-17,active
E0825,Xander Adams,HR,68418.0,2018-06-28,active
E0759,  Zoe Green  ,Legal,159436,2019-11-10,inactive
E0996,Hannah Harris,Legal,146343,2016-02-23,active
E0750,Bob Adams,Legal,163304,2024-04-02,inactive
E0665,Alice Moore,Marketing,107240,2024-03-11,active
E0571,Paul Garcia,Data,108050,2015-04-29,active
E0291,Laura Thomas,Sales,58819,2020-06-28,active
E0775,Ivan Garcia,Finance,125313,2022-10-14,active
E0138,Rachel Walker,Customer Success,54679,2022-01-03,active
E0410,Tara Perez,Marketing,78869,2020-03-08,active
E0421,Tara Adams,Marketing,86873,2015-01-04,ACTIVE 
E0742,Henry Williams,Product,86326.0,2015-09-04,active
E0797,Grace Thompson,Operations,74935,2016-08-22,active
E0287,Wendy Martin,HR,65759,2018-07-14,inactive 
E0592,Quinn Green,Legal,104799,2021-02-16,active
E0848,Paul Smith,Operations,82461,2019-05-24,active
E0030,Sam Johnson,Customer Success,79499,2024-05-03,active
E0261,Noah Roberts,Engineering,139238,2017-01-23,active
E0079,Henry Wilson,Finance,135897,2016-09-07,active
E0216,Mike Smith,Engineering,134743,2018-05-20,active
E0789,Uma Davis,Marketing,75683,2021-11-23,INACTIVE
E0166,Mike Roberts,Marketing,8210.0,2017-07-17,active
E0249,Hannah Mitchell,Customer Success,64319,15-03-2021,ACTIVE 
E0786,Liam Davis,Finance,93962,2016-03-04,active
E0475,Alice Walker,Engineering,140832,2015-01-01,active
E0701,Emma Taylor,Operations,53625,2022-06-15,active
E0335,Quinn Nelson,Finance,10195,2017-05-30,active
E0598,Julia White,Legal,148478.0,2020-09-20,active
E0927,Victor Perez,HR,88473,2020-06-22,active
E0066,Paul Nelson,Product,125164,2015-03-05,active
E0366,George Williams,HR,,2020-07-03,active
E0978,Laura Wilson,hr,69079,2022-07-03,inactive
E0255,Henry Phillips,Data,101441,2021-01-24,active
E0709,Karen Wright,Marketing,102368,2020-01-24,inactive
E0820,Frank Brown,Engineering,134167,2023-12-21,active
E0222,Aaron Martin,Finance,136519,2020-09-29,ACTIVE 
E0236,George Davis,Data,115814,2018-09-14,active
E0495,Yara Brown,Engineering,136081.0,2023-11-20,active
E0523,Quinn Miller,Customer Success,,2017-09-15,active
E0297,Noah Allen,Legal,101734,2023-10-20,active
E0581,Mia Young,Data,117681,2019-11-05,active
E0959,Xander Young,Marketing,85135,2019-01-23,active
E0250,Tara Turner,Legal,143363,2021-11-22,inactive
E0600,Quinn Young,Finance,80820,2017-03-06,Active 
E0448,Henry Scott,Finance,81218,01/01/22,INACTIVE
E0072,David Allen,Product,143503,2017-07-30,active
E0095,Uma Williams,Data,149612,2024-02-16,ACTIVE
E0034,Liam Williams,Sales,74049,2023-02-03,active
E0260,Mia White,Customer Success,71704,2017-04-26,inactive
E0205,Wendy Smith,Legal,152731,2017-07-24,active
E0814,Carol Hall,Finance,84050,2015-05-06,active
E0799,Bob Wright,Finance,122031,2023-08-31,Inactive
E0356,Noah Baker,Operations,95930,2024-01-30,active 
E0078,Wendy Turner,Marketing,98050,2023-05-04,active
E0085,Fiona Roberts,Engineering,140085,2017-08-04,Active 
E0334,Ethan Wilson,Legal,119742,2018-02-13,active
E0083,David Allen,Data,96650,2017-02-09,active
E0434,Mike Brown,Data,90140,2017-01-16,active
E0658,Aaron Garcia,Legal,96119,2022-01-07,active
E0458,Julia Turner,Product,97395,,active 
E0042,Aaron Taylor,Operations,86020,2019-04-02,inactive
E0614,Emma Green,Data,99306,2018-07-21,active
E0479,James Adams,Marketing,340852,2019-10-24,inactive
E0324,Emma Taylor,Customer Success,55630,2017-08-22,active
E0006,Noah King,Data,137734,2022-08-26,active
E0463,Mia Hall,Operations,76066,2019-04-22,active
E0105,Carol Perez,Data,83153,2020-01-02,active
E0098,George White,Finance,105250,2020-11-16,Active 
E0310,Julia Hall,HR,87177,2021-11-12,inactive
E0425,,Customer Success,77230,2018-10-21,active
E0412,Xander Miller,Sales,112751,2020-09-17,inactive
E0940,James Wilson,Customer Success,57691,2016-12-02,active
E0282,Yara Thompson,Legal,145625,2023-03-31,active
E0267,  Liam Carter  ,sales,85805,2022-05-02,active
E0482,Carol Jones,Engineering,123505,2019-06-04,active
E0680,David Jackson,Data,126027,2024-01-07,active
E0596,Zoe Adams,Engineering,147079,2023-07-19,active
E0990,Liam Johnson,Engineering,150870,2016-06-02,active
E0930,  Kyle Taylor  ,Legal,92107,2020-01-28,active
E0849,George Thomas,HR,58287,2016-05-25,active
E0119,David Hall,HR,74814,2015-07-24,active
E0713,Diana Wilson,HR,68427,2017-09-21,active
E0251,Diana Miller,Legal,135336,2015-05-18,active
E0669,Chris Williams,DATA,142957,2018-05-02,active
E0553,Ethan Anderson,Engineering,144346,2016-08-31,inactive
E0381,Zoe Taylor,Engineering,110069,15-03-2021,active
E0010,Zoe Williams,Operations,54680,2021-04-04,inactive 
E0372,Yara Taylor,Finance,84726,2022-04-11,active
E0197,Yara Hall,Customer Success,71601,2017-08-28,active
E0644,Grace Moore,HR,73067,2020-07-07,ACTIVE
E0082,Olivia Taylor,Sales,101353,2023-09-02,active
E0433,Alice Garcia,Marketing,100083,2021-10-30,active
E0528,Ivan Adams,Marketing,88331,2024-06-20,active
E0757,Xander Davis,Engineering,135700,2016-04-26,active
E0240,Aaron White,Sales,90808,2015-11-27,active
E0704,Hannah Adams,Customer Success,48154.0,,inactive
E0212,Hannah Nelson,Legal,108997,not-a-date,inactive
E0763,Aaron Wilson,Finance,136603,2021-09-26,inactive
E0414,Laura Mitchell,Finance,102411,2018-11-09,active
E0514,Tara Jackson,Engineering,125926,2016-04-12,inactive
E0228,Tara Martin,SALES,75230,2019-05-31,ACTIVE
E0910,Olivia Anderson,Data,126326,2017-07-23,active
E0426,Kyle Thomas,Finance,96453.0,2017-07-20,active
E0845,Quinn Perez,Marketing,60195.0,2018-01-04,active
E0178,Quinn Carter,product,85296,2021-11-30,active
E0993,Alice Taylor,Finance,81994,2022-08-20,active
E0450,Olivia Brown,Engineering,109872,2021-04-21,active
E0526,Frank Nelson,HR,85964,2020-12-14,active
E0527,Diana Moore,Marketing,101979,2017-07-26,active
E0537,Uma Young,Engineering,152335,2018-11-08,Active
E0424,Frank Wilson,Customer Success,84738,2015-07-31,active
E0008,Liam Allen,Marketing,106447,2023-01-14,active
E0156,Grace Jones,Operations,98209,2020-11-26,Active 
E0577,Ivan Johnson,Operations,82538,2020-11-01,ACTIVE
E0885,Nina King,Customer Success,57577,2020-04-14,active
E0330,James Carter,Sales,,2021-05-18,active
E0532,Chris Adams,Sales,85771,2017-08-08,active
E0823,Olivia Harris,HR,78795,2015-05-10,active
E0826,Kyle Green,Operations,63528,2018-11-14,INACTIVE
E0604,Sam Miller,Customer Success,54750,2015-09-07,active
E0829,Grace Taylor,Legal,134324,2019-11-07,active
E0616,Victor White,Engineering,152780,2018-01-15,inactive
E0992,Yara Garcia,Finance,100479,2017-05-24,active
E0605,Aaron Scott,Product,118556,2022-12-13,active
E0478,  Yara Davis  ,Product,117108,2022-02-04,active
E0809,  Yara Wright  ,Customer Success,67330,2018-04-05,ACTIVE 
E0621,Yara Scott,marketing,94221,2017-01-15,active
E0753,Laura Young,Engineering,135479,2023-05-06,active
E0905,Alice Davis,Data,153760,2022-05-14,active
E0164,Mia Allen,Product,96413,2016-06-11,active
E0229,Wendy Scott,Finance,82726,2017-12-22,active
E0865,Paul Miller,Operations,97947,2019-11-06,ACTIVE 
E0979,Zoe Turner,Legal,114040,2023-08-04,active
E0213,Alice Jackson,Engineering,130021,2021-10-22,inactive
E0080,Ivan Garcia,Engineering,108917,2022.11.30,active
E0149,Mia Baker,Customer Success,65034,2021-06-28,active
E0303,Frank Smith,OPERATIONS,90079,2023-12-10,active
E0389,James Jackson,Finance,106830,2023-01-09,active
E0519,Mia Mitchell,Sales,71550,2017-09-25,active
E0542,Sam Jones,Engineering,129670,2024-01-29,inactive
E0890,Frank Martin,Legal,157477,2017-06-25,active
E0044,Victor Thomas,Sales,94902,2015-01-18,active
E0391,George Davis,Legal,160717.0,2022-12-26,active
E0134,Yara Phillips,Operations,61486.0,2018-09-01,active
E0716,Mia Johnson,Engineering,125106,2021-11-18,active
E0312,Aaron Jackson,Marketing,88213,2015-05-19,active
E0491,Henry Brown,Data,139595,2018-01-07,active
E1000,Emma Harris,Product,103130,2022-06-14,inactive
E0697,Nina Anderson,Sales,58374,2021-04-07,active
E0837,Zoe Brown,Legal,116861,2023-05-07,active
E0001,Zoe Wright,HR,81891,2021-09-21,active
E0494,Karen Walker,HR,83156,2021-05-24,active
E0383,Uma Perez,OPERATIONS,92946,2020-03-12,active
E0317,Hannah Turner,Engineering,87658,2022-08-04,active
E0766,Tara Baker,Customer Success,79104,2015-08-02,active
E0584,Liam Roberts,Sales,63287,2022-05-31,active
E0866,Aaron Carter,sales,65752,2021-12-19,inactive
E0568,Kyle Smith,HR,66757,2024-01-11,Active
E0991,James Nelson,Customer Success,63116,2017-07-10,active
E0429,Bob Baker,Legal,164885,2017-11-25,active
E0173,James Martin,Operations,83325,2016-12-10,ACTIVE 
E0126,Olivia Moore,Customer Success,60377,2015-11-17,active
E0454,,Operations,91360.0,2022-11-17,active
E0483,Liam Williams,Data,126827,2021-06-09,active
E0589,Mike Phillips,Marketing,87587,2022-03-26,active
E0157,Tara Martin,Finance,,2023-06-12,active
E0091,Alice Lee,PRODUCT,101281.0,2018-04-26,inactive
E0997,Laura Perez,Product,115654,2018-04-06,active
E0182,Beth Carter,Finance,102714,2021-10-08,ACTIVE
E0364,Diana Carter,Operations,93077,2019-03-11,active
E0275,Olivia Walker,Product,95740,2015-11-19,inactive
E0950,Grace Lee,DATA,122917,2017-11-17,inactive
E0070,Uma Green,Operations,82880,2016-11-10,inactive 
E0292,Yara King,Finance,81585,2021-11-28,inactive
E0132,Henry Baker,Marketing,91986,2022-10-04,active
E0301,Frank Taylor,Engineering,143933,2017-10-16,active
E0508,Sam Baker,Product,144141,,active
E0327,Yara Anderson,Sales,74234,,inactive
E0145,  Zoe Jackson  ,Marketing,100415,2021-08-17,active
E0486,Rachel Davis,Product,99071.0,2017-11-12,active
E0844,Isla Nelson,Sales,105903,2023-03-04,active
E0850,Tara Jones,Legal,146016,2020-11-05,active
E0136,Paul Jones,Engineering,149551,2017-06-18,active
E0468,Beth Nelson,Sales,91522.0,2015-09-27,Active 
E0165,George White,Customer Success,75298,2018-12-25,inactive
E0029,Xander Anderson,Marketing,81639,2020-08-15,active
E0599,Quinn King,Data,138071,2019-11-25,active
E0194,Laura Wright,Operations,76568,2016-03-06,active
E0446,Tara Brown,Operations,,2019-10-20,active
E0679,Isla Baker,PRODUCT,93240,2023-11-18,active
E0585,Ivan King,Operations,67618,2022-05-06,active
E0170,Beth Nelson,Marketing,98957,2015-12-09,active
E0536,Emma Moore,Sales,113684,2022-11-14,active
E0141,Quinn Jones,Data,137373,2016-05-14,inactive
E0174,Julia Thomas,Marketing,96101,2021-11-29,ACTIVE 
E0007,Noah Moore,Legal,120195,2022-05-29,active
E0683,  Henry Nelson  ,OPERATIONS,388818,,active
E0530,Wendy Nelson,Marketing,83508,2015-12-23,inactive 
E0693,Diana Anderson,Marketing,70559,2020-04-29,active
E0074,Chris Brown,Data,91533,2017-07-29,active
E0899,Ethan Taylor,Engineering,153752,2020-11-16,active
E0633,  Zoe Miller  ,Finance,85447,2019-05-04,active
E0239,Paul Wright,Finance,95159,2017-09-28,active
E0146,Rachel Nelson,Legal,158404,2018-10-18,INACTIVE
E0906,Quinn Roberts,Customer Success,48311,2019-12-09,active
E0235,Laura Moore,Legal,157358,2017-05-18,active
E0221,Xander Turner,HR,,2022-06-22,inactive
E0215,Isla Phillips,Legal,128230,2018-03-27,Inactive
E0963,Mia Anderson,FINANCE,136986,2015-11-26,active
E0133,Xander Mitchell,Data,129856,22/07/2019,active
E0095,Uma Williams,Data,149612,2024-02-16,ACTIVE
E0617,,Engineering,156248,2018-04-22,active
E0846,Frank Baker,Product,134621,2022-01-08,active
E0423,Quinn Harris,Operations,,2018-05-31,active
E0186,Beth Williams,Marketing,88017,2020-12-26,active
E0042,Aaron Taylor,Operations,86020,2019-04-02,inactive
E0651,Emma Jones,Marketing,74999,2016-03-07,active
E0109,Karen White,Customer Success,83265,,active
E0717,Mia Thompson,PRODUCT,126444,2016-04-11,inactive
E0057,Laura Lee,HR,68268.0,2023-06-27,ACTIVE 
E0708,Aaron Perez,Sales,86592.0,,active
E0898,Yara Moore,Finance,88696.0,2022-08-17,inactive
E0994,Wendy Moore,HR,17072,2020-08-19,inactive
E0914,Rachel Anderson,Sales,88714,2024-03-24,active
E0436,Mike Harris,Sales,98058,2019-12-14,active
E0025,Henry Miller,Marketing,83311,2016-08-11,Active 
E0480,Chris Jackson,Finance,82869,2022-07-07,inactive
E0583,Xander Garcia,Sales,64653,2024-04-03,active
E0632,Carol Thompson,HR,92900,2016-04-08,inactive
E0671,Liam Smith,Data,134931,2015-08-15,active
E0892,Kyle Adams,HR,83062,2019-10-03,inactive 
E0984,Sam Nelson,Finance,106870,2020-12-30,inactive
E0339,Ivan Thompson,Product,147311,2016-01-05,active
E0052,Aaron Nelson,Product,119228,2020-12-15,active
E0384,Carol Williams,Legal,161663,2017-02-01,active
E0550,Mia Green,Legal,159769,2015-09-19,active
E0357,Grace Garcia,Marketing,60439,2024-04-15,active
E0674,Grace Jones,Product,94476,2019-04-28,active
E0982,James Lee,Data,153133.0,2023-02-18,active
E0265,Karen Williams,HR,62413,2023-12-15,inactive
E0573,Yara Smith,Legal,115998,2015-12-10,active
E0756,Chris Thompson,HR,55524,2022-05-30,Inactive
E0951,Wendy Scott,Legal,90006,2023-02-18,active
E0445,Quinn Anderson,Operations,90465,,active
E0396,Wendy Carter,HR,72789,2019-04-16,active
E0552,Karen Turner,Sales,107634,2019-02-04,active
E0177,George Williams,Legal,161043,2022-04-11,active
E0019,Nina Johnson,Data,147398,2018-09-12,active
E0761,Isla Perez,Legal,130361,2020-05-10,inactive 
E0533,Aaron Harris,Legal,159277,2019-09-14,active
E0606,Chris Roberts,Customer Success,,2022-01-17,active
E0619,Xander Anderson,marketing,65465,2020-08-03,inactive
E0368,Beth Turner,Engineering,136034,2022-07-25,active
E0084,Tara Anderson,Marketing,,2016-08-23,inactive
E0062,  Liam King  ,Operations,75821,2017-04-30,active
E0500,Xander Jones,Marketing,99996,2016-07-09,active
E0273,Xander Allen,OPERATIONS,71252,2018-08-03,active
E0286,David Wilson,Operations,64279,2022-04-20,inactive
E0361,Mia Phillips,Sales,,2021-07-30,active
E0355,Ivan Baker,Customer Success,84741,2016-08-23,active 
E0939,,Data,127862,2020-06-06,active
E0279,David Wilson,Product,120568,2017-10-25,inactive
E0013,Mia Nelson,Engineering,147103,2019-01-04,active
E0183,Wendy Phillips,Finance,89489,2023-03-03,active
E0369,Noah Garcia,Legal,110696.0,2021-08-14,active
E0637,James Taylor,Marketing,72975,2020-11-08,inactive
E0656,Chris Walker,Engineering,146164,2015-09-06,active
E0224,Aaron Martin,Customer Success,57784,2018-05-27,active
E0741,Ethan Thomas,Legal,16292,2019-06-16,active
E0744,Zoe Walker,Engineering,131198.0,2020-10-18,active
E0721,Frank Perez,Operations,58709,2024-06-04,active
E0582,Mia Davis,Engineering,139967,2020-10-11,active
E0487,Bob Brown,Sales,78457,2022-07-06,inactive
E0543,Grace Jackson,Legal,123268,2023-12-28,active
E0466,Alice Mitchell,Product,125702,2016-03-05,active
E0622,Frank Mitchell,Marketing,86550,2016-08-30,active
E0496,Mike Phillips,Marketing,82458,2024-06-16,active
E0821,Chris Adams,Finance,134139,2018-06-05,active
E0668,Wendy Roberts,CUSTOMER SUCCESS,57555,2017-04-05,ACTIVE 
E0457,Julia Thomas,Engineering,158940,2016-08-19,inactive
E0394,Olivia Martin,Finance,129469,2022-03-06,active
E0676,Mia Davis,Product,102783,2018-12-14,active
E0714,Xander Turner,Customer Success,52108,2016-12-29,inactive
E0376,Mia Green,Product,94365,2019-07-13,active
E0413,Quinn Baker,Marketing,103089,2017-05-23,inactive
E0075,Mia Davis,LEGAL,92925,2016-12-04,active
E0935,,Data,126014,2017-12-23,active
E0501,Yara Thompson,HR,84834,2022-08-28,active
E0597,Isla Carter,HR,82532,2019-08-30,active
E0115,Aaron Scott,Product,86547,2021-04-18,active
E0418,George Adams,Product,116492,2017-06-07,Inactive
E0090,Bob Walker,Finance,87173,2016-06-27,active
E0977,Tara Davis,Engineering,115714,2022-02-06,active
E0920,Nina White,Product,140528,2023-06-15,active
E0847,Henry Davis,Marketing,62697,2023-06-02,active
E0732,Zoe Walker,HR,84208,2017-08-29,active
E0012,Ivan Garcia,Legal,113381,2020-10-25,active
E0397,Chris Walker,Marketing,66620,2020-10-15,active
E0569,George Brown,Product,90438,2016-08-25,active
E0043,Mike Adams,HR,,2019-04-05,active
E0168,Alice Allen,Data,140114,2021-07-06,active
E0417,Carol Jones,HR,80478,2018-11-11,Inactive
E0804,George Perez,sales,98297,2024-02-22,active
E0427,Beth Anderson,HR,421572,2015-07-17,active
E0936,Sam Anderson,Customer Success,77873,2015-10-04,active
E0339,Ivan Thompson,Product,147311,2016-01-05,active
E0729,David Turner,Customer Success,72174,2019-11-21,active
E0653,Nina Turner,Operations,79113,2018-01-23,active
E0258,Quinn Smith,Sales,58352,2022-11-28,active
E0336,Nina Walker,Engineering,153902,2020-11-07,active
E0016,Liam Williams,Marketing,67200,2015-04-06,ACTIVE 
E0685,Liam Phillips,Engineering,315437,2019-12-04,inactive
E0325,Hannah Wilson,Product,129207,2021-07-26,active
E0213,Alice Jackson,Engineering,130021,2021-10-22,inactive
E0223,Quinn Carter,Marketing,94250,2019-05-13,inactive
E0180,Carol Hall,Product,120573,2022-07-20,active
E0100,Quinn Taylor,Customer Success,58864,2016-01-20,active
E0522,  Bob Lee  ,Legal,106606,2022-07-25,active
E0023,Ethan Brown,Finance,127042,2023-04-14,inactive
E0357,Grace Garcia,Marketing,60439,2024-04-15,active
E0751,Zoe Wright,Sales,113504,01/01/22,active
E0915,James Johnson,Finance,81654,2021-10-27,active
E0406,Carol Hall,Operations,90399,2017-11-21,active
E0341,Kyle Anderson,Product,99063,2019-03-04,active
E0432,Olivia Miller,Sales,108169,2015-08-09,active
E0588,Wendy Harris,Product,104537,2022-04-10,active
E0886,Olivia Martin,Operations,70230,2020-10-28,inactive
E0204,Tara Baker,Data,90985,2016-01-14,active
E0781,Sam Smith,Legal,92793,2020-03-31,inactive
E0094,Mike Hall,Sales,98427,2022-06-12,active
E0595,Beth Brown,Legal,131197,2018-01-20,INACTIVE
E0069,  Ivan Thompson  ,Engineering,107383,2021-07-15,inactive
E0663,Kyle Allen,Sales,117364,2018-11-19,active
E0285,,Legal,119137,2016-08-16,active
E0853,Victor Garcia,Product,101981,2022-03-21,active
E0435,Olivia Turner,Customer Success,50935,2015-12-26,active
E0154,  Sam Anderson  ,Data,151840,2016-03-04,active
E0076,Rachel Thompson,Sales,64282,2015-10-17,active
E0778,Julia Green,Customer Success,64586,2023-09-02,active
E0447,Laura Thomas,Legal,108843,2024-06-10,active
E0189,Grace Phillips,Operations,83742,2015-05-15,active
E0272,Alice Anderson,Sales,108374,2019-01-10,active
E0237,Beth Turner,Sales,114189,2018-09-07,Inactive
E0488,Isla Young,Customer Success,67950,2022-09-27,active
E0560,Ivan Johnson,Finance,111882,2022-11-02,inactive
E0118,Grace Smith,Engineering,148690,2019-11-24,inactive
E0868,Karen Green,Finance,76277,2020-07-11,active
E0513,Bob Perez,Product,97441,2023-11-21,active
E0590,Mia Scott,Legal,443436,2018-03-27,inactive
E0631,Hannah Carter,Legal,,2018-07-29,active
E0127,Yara Smith,Sales,119309,2018-07-26,inactive
E0117,Kyle Allen,Legal,127408,2017-02-13,Inactive
E0474,Chris Turner,Data,129449,2016-04-25,active
E0738,Kyle Perez,Customer Success,84307.0,2018-07-31,active
E0058,Grace Scott,Data,134316,2023-11-07,active
E0719,Aaron Johnson,Product,134011,2016-03-17,active
E0967,Carol Scott,Operations,92893,Jan 2020,active
E0370,Aaron Carter,Engineering,132656,2017-02-07,active
E0269,Ethan Smith,Operations,76721,2021-01-04,active
E0047,Olivia Green,Sales,61725,2022-05-13,active
E0350,Sam Jackson,HR,94590,2021-05-08,active
E0196,Quinn Miller,Engineering,91940,2019-02-15,active
E0103,Tara Brown,Operations,83932,2017-01-20,inactive
E0887,Uma Young,Customer Success,64907,2019-02-22,active
E0790,George Wilson,Product,98720,2023-08-06,ACTIVE
E0784,Chris Harris,Product,89636.0,2018-09-23,active
E0264,Sam Smith,Legal,123800,2016-03-04,active
E0444,Tara Walker,Sales,72717,2017-04-11,inactive
E0946,Alice Smith,Marketing,63119,2022-07-03,active
E0305,Yara Brown,Data,83252,2017-01-06,active
E0342,Mia Moore,Engineering,148486.0,2023-11-27,active
E0639,Tara Hall,Engineering,96271,2020-06-04,active
E0314,Liam Thomas,Finance,131337,2016-12-02,inactive
E0150,Bob Smith,MARKETING,78845,2023-12-19,active
E0125,Chris Brown,Engineering,123878,2018-12-24,active
E0834,Mia White,Data,,2019-04-13,active
E0873,Julia White,Sales,,2019-06-23,active
E0051,Chris Jackson,Operations,,2023-05-25,active
E0354,,Data,154163,2017-01-24,ACTIVE 
E0985,Fiona Miller,Data,91371,2018-01-13,inactive
E0143,Chris Baker,sales,102011,2020-09-18,active
E0471,Beth Thomas,Customer Success,84939,2020-05-31,active
E0400,Isla Baker,Product,92999,2015-02-04,active
E0666,Xander Jones,Customer Success,66713,2021-07-16,Active 
E0321,Diana Turner,Sales,91568,2023-06-08,active
E0020,Isla Roberts,Data,92565,2017-04-02,inactive
E0859,Nina Thompson,Product,134766,22/07/2019,inactive
E0838,  Fiona Smith  ,Finance,138087,2020-11-22,active
E0877,Diana Roberts,Operations,70918,2019-03-31,active 
E0408,David Lee,Marketing,73643,2020-12-18,inactive
E0538,Emma Moore,Product,111614,2017-09-20,active
E0661,Nina Jones,HR,72345,2022-10-23,Inactive
E0039,Aaron Martin,Marketing,101327,2020-08-22,inactive
E0176,Noah Walker,Data,151885,2018-10-03,active
E0246,Karen Moore,Legal,98341,2021-05-18,active
E0880,Mia Garcia,DATA,128089,2015-08-05,active
E0712,Yara Carter,HR,59527,2015-06-22,inactive
E0802,Tara Hall,Marketing,84509,2018-01-25,active
E0912,Henry Roberts,HR,90236,2017-06-16,active
E0155,Tara Anderson,Data,133984,2019-05-01,active
E0288,Paul Brown,hr,70052,2017-11-03,active
E0626,Beth Thomas,Marketing,91092,2016-08-20,active
E0889,Beth Lee,Operations,59935,,active
E0570,Frank King,Engineering,88798,2022-07-05,active
E0791,Sam Allen,Finance,84890,2016-07-10,active
E0018,  Beth Garcia  ,Finance,90277.0,2018-06-22,active
E0128,Yara Harris,Product,16648.0,2016-09-20,active
E0323,,Marketing,86670,2022-03-16,inactive
E0256,Alice Davis,Finance,83150,2021-08-08,inactive
E0701,Emma Taylor,Operations,53625,2022-06-15,active
E0210,Emma Johnson,HR,64230.0,2023-02-14,active
E0191,Karen Williams,Finance,94316,2022-01-19,active
E0116,Emma Harris,OPERATIONS,54189,2018-08-20,active
E0657,David Phillips,Operations,91323,2022-09-10,active
E0607,Fiona Davis,Customer Success,81889,2016-12-17,active
E0181,Olivia Jackson,Product,87091,2021-10-13,inactive
E0302,Frank Davis,Marketing,68303.0,2015-10-10,active
E0807,Julia Roberts,HR,76869,2021-08-30,active 
E0758,Paul White,Engineering,140450,2021-07-30,active
E0327,Yara Anderson,Sales,74234,,inactive
E0782,Chris Brown,HR,93987,2019-02-09,active
E0706,Tara Williams,Customer Success,65070,2017-12-17,active
E0518,David Anderson,Data,81916,2016-01-22,active
E0373,Olivia Hall,Data,99653,2022-04-17,active
E0046,Karen Martin,Data,131827,2023-05-02,active
E0964,Xander King,Product,110201,2021-02-02,active
E0158,Rachel Davis,Engineering,108765,2023-05-25,active
E0941,Victor Thompson,Operations,96692,2022-08-02,INACTIVE
E0172,,HR,,2016-04-14,active
E0017,Karen Carter,Data,115749,2015-11-29,active
E0512,Mike Carter,Product,102145,2019-09-13,active
E0049,Ivan Thomas,Engineering,125831,2020-11-08,inactive 
E0192,Frank Carter,Data,107184,2019-10-23,active
E0893,Quinn Walker,Finance,107773,2020-05-24,active
E0516,Alice Hall,HR,85174,2017-10-22,active
E0947,Aaron Hall,Engineering,137862,2018-08-03,active
E0731,Fiona Green,Engineering,113190,2015-03-14,active
E0481,David Carter,Engineering,108382.0,2017-12-02,inactive
E0284,Bob Brown,Finance,135627,2015-05-15,active
E0938,Chris Anderson,Sales,97168,2015-03-23,active
E0698,Noah Lee,Marketing,93371,,active
E0226,Bob Martin,Hr,93218,2016-12-09,active
E0027,James Jackson,Product,,2018-07-31,inactive
E0830,Wendy Brown,Operations,80046,2017-05-03,active
E0438,Zoe Thomas,Legal,131667,2018-06-17,active
E0478,  Yara Davis  ,Product,117108,2022-02-04,active
E0365,Yara Young,Marketing,108429,2021-12-17,active
E0230,Xander Taylor,Engineering,158373,2016-09-29,active
E0038,,Marketing,,2019-11-29,Active
E0670,Liam Jones,Finance,87170,Jan 2020,ACTIVE 
E0517,  Aaron Thomas  ,Legal,159308,2017-06-04,active
E0375,Kyle Carter,Engineering,144995.0,2023-06-18,active
E0470,Yara Hall,Legal,,2021-11-01,active
E0179,Wendy Jackson,Sales,89166,2016-06-19,active
E0688,Carol Scott,Finance,78160,2017-12-06,active
E0904,,Data,135362,2022-11-08,inactive
E0983,Victor King,Customer Success,66194.0,2024-02-07,active
E0913,George Lee,Operations,76777,2016-11-25,Inactive
E0195,Noah Young,Finance,125489,2015-09-16,active
E0908,Alice Wright,Operations,83425,2015-04-23,inactive
E0918,Emma Moore,Data,106446,2019-05-08,inactive 
E0504,James Green,Operations,59907,2022-12-02,inactive
E0959,Xander Young,Marketing,85135,2019-01-23,active
E0883,Grace Young,Marketing,89356,2017-06-02,inactive 
E0580,Henry Young,Product,86610,2017-04-18,active
E0161,Ethan Jackson,PRODUCT,91315,2018-06-09,active
E0681,Grace Williams,Sales,111522.0,2018-06-29,active
E0163,Liam Nelson,Operations,90726,2016-09-02,active
E0747,  Victor Wright  ,Data,131051,2020-12-26,inactive
E0153,Sam Anderson,Finance,102937,2024-03-08,active
E0894,Carol Thomas,HR,,2020-04-07,active
E0827,Ethan White,Product,135225,2022-01-16,active
E0803,Isla Jones,Customer Success,64456,2023-01-09,active
E0112,Paul Anderson,Operations,56334,2016-11-18,inactive
E0227,Bob Taylor,Product,136684,2017-06-29,active
E0733,Frank Hall,Sales,92252,2016-09-13,active
E0104,Laura Baker,Finance,131362,2015-01-14,inactive
E0422,Laura Brown,Sales,57974,2019-06-02,inactive
E0420,Mia Mitchell,Customer Success,70378,2018-10-11,active
E0998,Xander Turner,Hr,94502,2017-09-06,active
E0587,David Thomas,Customer Success,54542,2022-08-01,ACTIVE 
E0828,Zoe White,Product,97264,2020-07-21,active
E0673,Fiona Miller,HR,80254,2022-05-01,active
E0120,Sam Anderson,Operations,,2022-07-14,inactive
E0054,Bob Miller,Operations,70747,2015-11-06,active
E0152,Grace Johnson,Data,102407,2024-04-24,ACTIVE
E0404,Karen Moore,MARKETING,67337,2024-01-29,INACTIVE
E0855,Alice Hall,Sales,64637,2019-08-06,active
E0208,Diana Jones,Sales,80773,2021-04-18,active
E0659,Laura Turner,customer success,73609,2016-07-04,active
E0897,Isla King,Marketing,90571,2017-12-09,active
E0810,Victor Scott,Product,88867,2024-04-12,active
E0009,Hannah Garcia,Legal,167916,2018-07-19,active
E0929,Olivia King,Marketing,88571,2024-06-20,inactive
E0037,Uma Jackson,HR,67503,2019-04-21,active
E0453,Fiona Roberts,hr,70323,2021-08-26,active
E0652,Emma Adams,Customer Success,72580,2024-05-20,active 
E0254,Uma Brown,HR,74950,2016-06-01,active
E0304,Xander King,Finance,114388,2019-12-29,inactive
E0794,Quinn Johnson,Product,125284,2022-07-14,active
E0572,Ivan Davis,Sales,111308,2023-10-16,active
E0624,Sam Roberts,Product,86719,2023-11-04,inactive
E0755,Beth Lee,Operations,97796,2021-07-15,active
E0765,Ivan Turner,Customer Success,84996,2018-05-16,active
E0263,Xander Young,Sales,91435,2017-09-25,active
E0611,James Green,HR,70668,2021-06-25,active 
E0298,Noah Miller,Product,,2022-11-21,inactive
E0415,Ivan Thompson,Legal,159555,2022-01-21,inactive
E0151,Uma Jackson,HR,67838,2022.11.30,inactive
E0836,Victor Martin,Legal,114211.0,2015-03-29,active
E0641,James Mitchell,Finance,81168.0,2021-05-31,inactive
E0944,Julia Young,Operations,90960,22/07/2019,active
E0551,Uma Baker,Legal,152752.0,2024-05-02,active
E0856,David King,Engineering,141969,2024-04-01,active
E0489,Alice Adams,Legal,159617,2021-08-03,active 
E0711,Frank Hall,LEGAL,144490,2024-02-07,active
E0148,Kyle Garcia,Finance,91751,2019-08-07,active
E0147,Mike Garcia,Engineering,103887,2015-07-14,Active 
E0966,Ethan Thompson,HR,62141.0,2020-04-06,inactive 
E0989,Olivia Thompson,Legal,140556,2016-07-06,active
E0787,Grace Harris,Engineering,126527,2018-11-01,active
E0660,Noah Johnson,Product,107599,2023-01-07,active
E0349,Henry Taylor,HR,58085,2022-12-02,inactive
E0464,Rachel Turner,Marketing,79273,2021-06-05,active
E0326,Aaron Lee,Engineering,157371,2018-03-01,active
E0187,Uma Phillips,Operations,86404,2024-05-09,active
E0124,Tara Roberts,Operations,55071,2017-03-22,active
E0907,Nina Scott,Finance,,2020-02-16,active
E0609,James Hall,Operations,92128,2018-11-25,active 
E0144,Paul Turner,Marketing,74666,2018-03-19,active 
E0752,Karen Jones,Data,90404,2018-02-15,active
E0615,Sam Wilson,Engineering,142673,2019-10-07,active
E0198,Laura Davis,Customer Success,56079,2022-06-13,active
E0610,Paul Smith,HR,65688,2023-01-17,active
E0280,Julia Scott,Finance,116289,2024-06-11,Inactive
E0294,George Nelson,Operations,53934,2019-09-02,active
E0884,Grace Anderson,Operations,,2017-12-18,active
E0401,Victor Roberts,Data,95384,2023-10-11,inactive 
E0123,Karen Young,Data,101917.0,2016-08-05,Active
E0184,Hannah Turner,Operations,66662,2015-03-26,active
E0203,Hannah Phillips,Finance,108653,2017-12-21,active
E0439,Yara Nelson,Operations,72701,2018-11-29,Inactive
E0247,Xander Wilson,Legal,100754.0,2019-12-24,active
E0416,Henry Johnson,Finance,93280,2021-10-18,inactive
E0824,Kyle Perez,Sales,81745,2019-12-07,active
E0931,Fiona Carter,Finance,123200,2022-07-30,active
E0961,Kyle Harris,Sales,114011,2019-07-08,active
E0955,David Harris,HR,68251,2017-02-14,active
E0942,Olivia Johnson,Customer Success,70526,2023-10-13,active
E0130,Noah White,Sales,,2021-12-17,inactive
E0638,Mike Jackson,Finance,131044,2017-12-18,active
E0403,Emma Young,CUSTOMER SUCCESS,70547,2022-12-20,inactive
E0132,Henry Baker,Marketing,91986,2022-10-04,active
E0818,Chris Roberts,Sales,115185,2018-07-15,active
E0736,Quinn Phillips,DATA,97048,2016-11-30,active
E0968,Carol Martin,Legal,149060,2022-11-22,active
E0220,James Williams,Sales,87697,2021-06-17,active
E0642,Liam Thompson,Customer Success,64635,2019-11-12,active
E0970,Quinn Scott,Customer Success,82824,2016-03-11,active
E0800,Carol Williams,Hr,70621,2024-04-18,inactive
E0855,Alice Hall,Sales,64637,2019-08-06,active
E0975,Noah Scott,Marketing,76838,2016-11-01,active
E0625,Laura Green,Data,142255,2019-02-01,active
E0891,Beth Williams,Legal,125430,2018-12-30,inactive
E0808,Wendy Taylor,Customer Success,75200,2023-01-12,active
E0387,Ethan Scott,Engineering,153030,2017-04-06,inactive
E0053,,HR,94814,2023-04-16,active
E0510,Zoe Johnson,Marketing,71408,2018-04-03,active
E0268,Tara Carter,Legal,163827,2015-03-01,inactive 
E0869,Mia Wilson,Finance,116689,2020-07-14,active
E0442,Noah Phillips,Data,150565,,active
E0497,Hannah Hall,customer success,74696,2021-08-20,active
E0113,Hannah Perez,Product,90810,2015-11-13,active
E0692,Paul Hall,HR,74890,2023-11-26,inactive
E0233,  Kyle Moore  ,Customer Success,56214,2015-07-17,active
E0923,Uma Martin,Finance,120673,2023-07-14,active
E0608,Rachel Jones,Customer Success,69911,2021-03-16,active
E0672,Ivan Garcia,Operations,57592,2019-06-18,active
E0374,Wendy Jones,Customer Success,57335,2023-08-11,active
E0664,Ethan Davis,Finance,109042,2023-07-03,active
E0896,  David Roberts  ,data,95364,2021-12-06,active
E0234,George Scott,Product,113183,2022-06-29,active
E0833,Aaron Williams,Engineering,96916,2016-05-14,active
E0677,Xander Walker,Finance,112921,2023-11-10,inactive
E0318,Nina Adams,Customer Success,80342,2020-02-02,active
E0649,Alice Smith,Marketing,66287,2020-01-29,active
E0411,Olivia Moore,Finance,101804,2024-03-05,active
E0953,Chris Turner,Engineering,125390,,active
E0710,Isla Mitchell,Customer Success,68340,2017-02-09,active
E0359,George Jones,Marketing,71817,2019-06-24,active
E0259,David Williams,HR,92509,2015-06-09,active
E0745,Kyle Davis,Operations,54738,2017-07-22,active
E0628,Henry White,Product,,2021-10-11,active
E0633,  Zoe Miller  ,Finance,85447,2019-05-04,active
E0283,Liam Taylor,Customer Success,55114.0,2023-10-17,active
E0377,Isla Johnson,Sales,115247,2021-01-07,active
E0385,Karen Lee,Data,92058,2018-09-07,active
E0225,Ethan Johnson,Product,93674,2016-12-05,active
E0706,Tara Williams,Customer Success,65070,2017-12-17,active
E0895,Alice Perez,Data,104410,2018-11-12,active
E0473,James Mitchell,Operations,92561,2016-11-24,active
E0348,Uma Miller,Engineering,124235,2022-03-19,inactive
E0506,,Data,95581,2019-06-05,active
E0640,Julia Thompson,Sales,60049,2020-02-06,active
E0828,Zoe White,Product,97264,2020-07-21,active
E0798,Chris Allen,Engineering,,2020-12-27,active
E0986,Liam Moore,Customer Success,62466,2015-03-15,active
E0960,Noah Lee,Operations,69824,2021-03-12,active
E0620,Liam Phillips,Finance,80575,2016-04-11,inactive
E0909,Noah Johnson,Operations,81735,2019-02-03,active
E0852,David Thompson,HR,81592,2017-12-07,active
E0646,Julia Harris,Customer Success,78073,2019-08-20,inactive
E0900,Alice Carter,Marketing,70300,2016-04-04,active
E0557,Quinn Moore,Operations,70520,2022-01-01,inactive
E0558,Quinn Nelson,Marketing,101911,2020-01-10,inactive
E0578,Olivia Anderson,Legal,134132,2021-12-16,inactive
E0796,Sam Johnson,Product,128657,2020-03-30,active
E0086,Yara Miller,HR,57660,2021-05-10,active
E0243,Quinn Adams,Sales,116313,2020-09-02,inactive
E0699,David Harris,Legal,107995,2022-10-12,active
E0928,,Operations,69365,2018-03-13,active
E0160,Zoe Wilson,Operations,63853,2021-09-14,active
E0525,Paul Scott,HR,65106,2023-04-24,active
E0036,Olivia Walker,Marketing,107898.0,,active
E0541,Ethan Thomas,Operations,75716,2022-11-02,active
E0171,Alice Thomas,Marketing,80746,2023-09-17,INACTIVE
E0655,Julia Martin,Customer Success,84125,2019-09-05,Active 
E0945,Isla Phillips,data,108376,2023-08-12,active
E0911,Ivan Johnson,Legal,100544,2018-05-17,inactive
E0901,Carol Young,Legal,90665,2020-11-03,active
E0797,Grace Thompson,Operations,74935,2016-08-22,active
E0734,Henry Smith,Product,144890,2023-01-07,active
E0096,Rachel White,product,94871,2016-09-09,ACTIVE
E0564,Rachel Phillips,marketing,84219,2015-08-04,active
E0241,Liam Brown,Engineering,93044,2015-12-19,inactive
E0743,Carol Mitchell,HR,91751,2022-09-09,inactive
E0864,Julia Davis,Finance,78391,2020-10-03,active
E0575,Grace Mitchell,HR,94773,2024-02-19,inactive
E0691,Emma Nelson,Legal,91328,2019-08-31,active
E0461,Henry Jones,HR,92680,2020-12-14,active
E0554,Carol Hall,HR,60165,2019-07-12,active
E0858,Sam Martin,Marketing,106563,2016-09-27,active
E0974,Fiona Nelson,Operations,74290,2020-05-13,active
E0207,Paul Perez,Engineering,116503,2016-06-03,inactive
E0393,Hannah Moore,Data,131302,2017-07-27,active
E0795,Karen Adams,Operations,51411,2015-03-18,active
E0871,Rachel Roberts,Marketing,71229,2017-06-01,inactive
E0398,Fiona Brown,Sales,119386,2017-07-17,active
E0767,Alice Johnson,Sales,113899,2021-05-14,active
E0902,Hannah Adams,Data,126126,2018-03-02,active
E0218,Zoe King,Legal,168631,2023-07-28,Active 
E0005,Mia Green,Customer Success,84653,2021-08-07,active
E0769,Beth Jackson,Customer Success,52540,2017-09-11,active
E0643,Frank Mitchell,Product,89881,2023-11-02,inactive
E0952,Frank Thomas,Marketing,109709.0,2019-01-09,active
E0613,Hannah Anderson,Customer Success,60833,2016-05-25,active
E0739,Kyle Adams,Legal,135387,2023-11-11,active
E0547,Noah Martin,Data,109874,2018-09-19,active
E0726,Bob Roberts,HR,83630,2016-06-03,inactive
E0972,,Legal,106121,2015-03-18,inactive
E0684,Beth Taylor,Engineering,104185,2016-01-26,active
E0099,Aaron Brown,HR,75385,2017-09-17,active
E0805,Liam Taylor,Customer Success,71010,2021-08-10,active
E0728,Bob Turner,Data,133021,2015-02-01,active
E0574,Tara Miller,Engineering,126070,2020-03-10,inactive
E0407,James Jones,HR,76567,2022-05-12,ACTIVE 
E0503,George Johnson,Finance,117481.0,2021-04-07,inactive
E0048,Zoe Johnson,Marketing,68160,2020-08-16,active
E0033,Aaron King,Product,126380,2016-01-15,Inactive
E0780,Mike Roberts,LEGAL,116672,2017-08-28,active
E0840,Paul Brown,HR,62113,2019-05-05,active
E0201,Bob Phillips,product,149607,2020-12-31,active
E0135,Wendy Davis,Operations,61589,2020-12-15,inactive
E0028,Fiona White,Operations,96958,2016-04-25,inactive
E0934,Laura Smith,HR,74612,2021-07-30,active
E0231,Julia Nelson,Legal,149718,2018-02-11,active
E0490,Ivan Anderson,Legal,100605,2016-02-02,inactive
E0773,Yara Thompson,Operations,89841.0,2024-02-02,inactive
E0379,Henry Harris,Legal,160644,2018-04-26,active
E0289,Beth Davis,Customer Success,,2015-12-10,active
E0419,Laura Wright,Legal,114691,2016-12-21,active
E0675,Mike Young,HR,58254,2018-12-23,active
E0392,Mike Moore,Engineering,107405,2023-06-05,inactive
E0593,Victor Martin,Customer Success,71785,2017-05-24,inactive
E0499,Tara Lee,Finance,91398,2023-08-01,active
E0139,Paul Jackson,Legal,94381,2022-06-17,active
E0063,Rachel Nelson,Customer Success,76727,2024-06-20,active
E0472,Quinn Davis,Marketing,97368,2021-07-18,active
E0648,Bob Phillips,HR,78238,2015-07-13,active
E0129,Emma Smith,Engineering,143925,2016-12-21,active
E0794,Quinn Johnson,Product,125284,2022-07-14,active
E0521,Paul Moore,Finance,107805,2023-11-15,active
E0839,,Sales,115416,2021-05-18,active
E0625,Laura Green,Data,142255,2019-02-01,active
E0065,Ethan Taylor,Marketing,95168,2020-12-17,active
E0813,Aaron Perez,Finance,136058,2021-08-07,active
E0015,Chris Anderson,Product,111758,2022-05-28,active
E0157,Tara Martin,Finance,,2023-06-12,active
E0041,Isla Martin,Data,8318,2018-04-06,active
E0493,Mia Young,Sales,113455,2015-04-22,active
E0380,Diana King,Customer Success,62788,2023-11-02,active
E0188,Xander Anderson,Product,110591,2018-09-09,active
E0764,George Davis,Customer Success,58799,2017-04-06,active
E0217,David Williams,HR,87940,2021-05-21,active
E0922,Alice Perez,Sales,87735,2019-02-02,active
E0792,Hannah Lee,Customer Success,73937,2018-01-21,active
E0053,,HR,94814,2023-04-16,active
E0879,Quinn Garcia,Customer Success,67428,2015-04-29,active
E0338,Alice Wright,Finance,131707,,ACTIVE 
E0749,Ethan Roberts,Sales,82466,2018-03-09,Active
E0720,George Allen,Marketing,100997,2020-12-15,active
E0725,Sam Lee,Marketing,85971,2019-06-29,active 
E0296,Sam Roberts,Engineering,148532,2023-01-07,active
E0702,Chris Jones,Operations,60443,2022-01-02,inactive
E0252,Diana Thomas,Marketing,104325,2018-11-15,active
E0727,Nina King,Marketing,93555,22/07/2019,active
E0462,Xander Lee,Data,114901,2022-01-05,active
E0456,Henry Nelson,finance,77594,2017-04-15,active
E0271,Bob Baker,Sales,59291,2022-09-27,inactive
E0816,Hannah Adams,Engineering,125705,2018-12-30,active
E0863,Karen Turner,Sales,67934,2024-03-29,inactive
E0270,Mike Garcia,Sales,19628,2016-03-18,active
E0202,Quinn Moore,HR,86802,2019-08-12,inactive
E0162,Chris Martin,Product,134694,2017-11-02,INACTIVE
E0556,Quinn Jones,Engineering,,2024-05-30,inactive
E0730,,Sales,64117,2018-06-30,active
E0402,Yara King,HR,84657,2023-08-11,inactive
E0703,Rachel Moore,Engineering,107510,2016-12-17,active
E0477,Yara Walker,Customer Success,77054,2018-09-01,ACTIVE 
E0822,Kyle King,Engineering,92627,2015-10-16,inactive
E0772,Beth Moore,Customer Success,83505,2023-06-03,active
E0106,Emma Taylor,Customer Success,69588,2017-08-13,active
E0566,Julia Taylor,HR,81023,2018-04-26,active
E0390,Ethan Allen,Marketing,,2020-04-21,active
E0002,Liam White,HR,88019,2016-06-29,active
E0995,Diana Wilson,Sales,61107,2024-03-16,active
E0666,Xander Jones,Customer Success,66713,2021-07-16,Active 
E0562,Henry Harris,Engineering,,2020-05-23,active 
E0932,,Finance,307673,2021-02-25,active
E0081,George Wright,Finance,115810,2018-12-20,active
E0206,Ethan Jones,Legal,133469,2018-05-20,active
E0035,Zoe Adams,HR,67157,2018-06-29,active
E0943,James Roberts,Legal,,2017-11-17,active
E0776,Rachel Taylor,Data,133298,2022-09-24,active
E0509,Hannah Miller,HR,55941,2018-12-05,active
E0428,Laura Williams,Engineering,116774,2018-08-21,active
E0455,Victor Scott,Marketing,68532,2016-02-04,INACTIVE
E0073,Julia Lee,Finance,136591,2024-05-24,active
E0367,Hannah Turner,Engineering,159814,2019-12-17,inactive
E0092,Sam Davis,Legal,105192,2019-10-18,active
E0340,Isla Wright,Product,101167,2024-06-27,active
E0898,Yara Moore,Finance,88696.0,2022-08-17,inactive
E0565,Grace Hall,Sales,117639,2024-04-10,active
E0346,Fiona Johnson,Customer Success,50535,2015-12-10,active
E0777,Zoe Mitchell,Customer Success,72634,2016-09-22,active
E0242,Ethan Wright,HR,58542,2023-03-06,inactive
E0014,Isla Jackson,Finance,116914,2023-05-20,active
E0316,Frank Harris,HR,80101,2024-05-05,active
E0601,James Turner,Data,116075,2021-02-21,active
E0388,Mike Garcia,Legal,146132,2020-12-11,active
E0274,Quinn Wright,Finance,126087,2021-10-06,inactive
E0167,,Finance,102575,,inactive
E0841,Zoe Jackson,HR,92246,2021-05-19,active
E0021,David Jackson,Legal,133367,2017-11-21,active
E0647,Carol Mitchell,HR,324048,2023-07-20,active
E0819,Aaron Moore,legal,134429,2016-04-05,active
E0485,Olivia Young,Product,85001,2023-05-21,inactive
E0092,Sam Davis,Legal,105192,2019-10-18,active
E0505,,Data,132779,2021-04-06,inactive
E0832,Ivan Green,Engineering,121316,2017-06-14,active
E0244,Alice Anderson,Product,140696,2022-02-21,active
E0567,Liam Miller,Operations,62813,2020-01-20,active
E0876,Rachel Lee,Finance,108281.0,2021-12-03,active
E0563,Alice Roberts,Finance,111073,2021-08-08,inactive
E0728,Bob Turner,Data,133021,2015-02-01,active
E0687,Kyle Johnson,Data,117550,2022-05-14,active
E0958,Emma Thomas,Data,103128,2024-02-23,active
E0190,Victor Baker,HR,88903,2022-02-16,inactive
E0783,Carol Wright,Product,121338,2016-12-15,inactive
E0976,Chris Wilson,Customer Success,65664.0,2023-06-17,active
E0700,Julia Adams,Engineering,97693,2015-04-14,active
E0476,Emma Johnson,Engineering,100921,2019-10-09,active
E0682,Olivia Martin,Engineering,87201,2017-06-16,Active 
E0511,Olivia Harris,Customer Success,66992.0,2019-06-01,ACTIVE 
E0059,Liam Martin,Legal,139203,2018-09-09,inactive
E0475,Alice Walker,Engineering,140832,2015-01-01,active
E0561,  David Young  ,Legal,98396,2016-11-01,active
E0857,,Data,130917,2018-11-18,inactive
E0748,Sam Walker,Sales,66979,2017-10-10,active
E0253,,Data,92159,2019-11-21,inactive
E0022,Ivan Scott,Finance,109116,2018-12-20,active
E0460,Bob King,Sales,111173,2017-12-22,active
E0277,Frank Thomas,Marketing,68788,2018-11-10,Active 
E0956,David Garcia,Legal,120488,2016-05-08,inactive
E0386,Carol Thomas,Operations,81361,2021-05-30,active
E0806,Ethan Baker,Operations,66668,2016-03-09,active
E0344,Mike Baker,OPERATIONS,88996,2022-06-16,active
E0770,Victor Baker,Sales,106913,2016-01-11,ACTIVE
E0131,Quinn Jones,Engineering,111709,2019-11-13,active
E0872,  Zoe Phillips  ,Marketing,76143,2021-07-11,active
E0088,Karen Adams,Sales,70752,2017-11-02,active
E0331,Diana Taylor,Sales,105517,2019-03-07,active
E0467,Wendy Wilson,finance,130833,2024-05-03,active
E0122,Sam Thomas,Sales,89569,2016-04-12,inactive
E0861,Emma Miller,Legal,163741,2023-12-10,Inactive
