customer_id,name,city,signup_date
1,Uma Brown,New York,2021-07-17
2,Henry Davis,Phoenix,2020-07-28
3,Victor Moore,Chicago,2023-04-24
4,Noah Johnson,New York,2020-07-10
5,Grace Davis,Seattle,2023-05-17
6,Alice Moore,San Antonio,2023-08-23
7,Wendy Moore,Columbus,2021-03-27
8,Olivia Young,Dallas,2020-01-14
9,Yara Garcia,Portland,2022-05-15
10,Karen Wilson,Phoenix,2021-03-16
11,Yara Anderson,Houston,2020-07-08
12,Mia Brown,Jacksonville,2021-12-05
13,Tina Wilson,Los Angeles,2022-07-29
14,Rose Brown,Fort Worth,2020-06-10
15,Rose Taylor,El Paso,2023-06-20
16,Liam Young,San Antonio,2023-12-13
17,Carol Johnson,Boston,2021-04-11
18,Yara Taylor,Chicago,2021-04-21
19,David Jackson,Dallas,2022-07-17
20,Uma Thomas,Philadelphia,2022-01-28
21,Liam Miller,Boston,2021-06-30
22,Wendy Williams,Oklahoma City,2023-07-24
23,Frank Moore,Las Vegas,2021-05-16
24,Frank Harris,Fort Worth,2021-07-06
25,Uma Moore,San Diego,2023-11-03
26,Karen Johnson,San Diego,2020-03-06
27,Karen Jackson,Dallas,2020-05-15
28,Grace Young,Portland,2021-10-06
29,Grace Martin,Fort Worth,2023-08-09
30,Olivia Jones,Dallas,2020-10-12
31,Henry Moore,Denver,2021-06-22
32,Xander Young,Columbus,2023-04-10
33,Mia Thomas,San Diego,2020-10-10
34,Quinn Martin,Chicago,2020-04-06
35,David Jones,El Paso,2020-11-23
36,Victor White,Oklahoma City,2020-05-10
37,Mia Jackson,Oklahoma City,2022-08-16
38,Quinn Wilson,Denver,2020-01-24
39,Victor Brown,Boston,2023-01-04
40,Yara Wilson,El Paso,2021-11-27
41,David Taylor,Columbus,2020-11-19
42,Olivia Smith,Las Vegas,2021-06-23
43,Quinn Garcia,Seattle,2020-08-05
44,Uma Taylor,El Paso,2022-11-05
45,Tina Miller,Phoenix,2022-02-04
46,Yara Garcia,Denver,2022-12-22
47,Alice Allen,Austin,2022-09-27
48,Alice Brown,Jacksonville,2021-09-21
49,Henry Johnson,San Diego,2023-03-07
50,Carol Williams,Las Vegas,2022-09-22
51,Carol Moore,Phoenix,2020-09-19
52,Victor Martin,Denver,2020-12-04
53,Iris Thompson,Oklahoma City,2022-05-16
54,Grace Moore,Las Vegas,2023-11-13
55,Grace Taylor,Fort Worth,2023-10-07
56,Uma Thomas,Charlotte,2022-11-25
57,Olivia Brown,San Diego,2021-04-05
58,Carol Anderson,New York,2023-04-19
59,Rose Davis,Nashville,2021-03-27
60,Alice Williams,Portland,2023-07-16
61,Bob Davis,Chicago,2020-03-05
62,Karen Williams,Seattle,2021-05-02
63,Iris Martin,San Antonio,2023-01-09
64,Eve Young,Nashville,2022-08-26
65,Henry Martin,Columbus,2021-01-24
66,David Brown,Boston,2022-06-01
67,Liam White,Columbus,2022-08-14
68,Xander Johnson,Boston,2023-08-31
69,Uma Brown,Los Angeles,2022-04-04
70,Xander Anderson,Houston,2021-05-24
71,Grace Miller,Denver,2022-07-07
72,Eve White,Philadelphia,2021-07-24
73,Olivia Davis,Chicago,2022-06-26
74,Rose Brown,Los Angeles,2023-08-28
75,Rose Smith,Chicago,2021-04-29
76,Frank White,Indianapolis,2022-09-12
77,Grace Jackson,Los Angeles,2020-12-03
78,Mia Smith,Fort Worth,2021-06-27
79,Olivia Taylor,Columbus,2023-11-27
80,Xander Moore,Boston,2022-09-23
81,Eve Miller,San Jose,2021-03-21
82,Bob Young,Las Vegas,2023-01-15
83,Bob Anderson,Los Angeles,2020-04-12
84,Sam Martin,Seattle,2022-12-23
85,Frank Johnson,Seattle,2020-06-13
86,Frank Williams,Oklahoma City,2020-05-19
87,Victor Davis,Fort Worth,2020-09-02
88,Sam Davis,Nashville,2023-05-02
89,Bob Allen,Chicago,2022-05-08
90,Victor Young,Nashville,2022-12-06
91,Karen Wilson,San Antonio,2023-10-03
92,Wendy Anderson,San Diego,2021-06-27
93,Mia Jones,Boston,2023-08-14
94,Jack Harris,Austin,2020-05-28
95,Alice Harris,Oklahoma City,2023-02-27
96,David Williams,Denver,2021-03-12
97,Quinn Wilson,Phoenix,2021-12-15
98,Carol Davis,Jacksonville,2021-08-06
99,Frank Harris,Denver,2023-12-11
100,Jack Allen,El Paso,2022-12-19
101,Alice Moore,San Jose,2023-09-20
102,David Jones,Dallas,2020-08-24
103,David Moore,Phoenix,2021-07-11
104,Jack Allen,San Antonio,2021-12-03
105,Grace Wilson,Seattle,2022-09-27
106,Iris Johnson,Chicago,2023-07-23
107,Noah Wilson,Los Angeles,2020-01-08
108,Karen Jones,El Paso,2021-06-20
109,Frank Harris,Denver,2023-12-16
110,Noah Moore,New York,2020-08-17
111,Carol Jones,Denver,2020-03-14
112,Liam Young,Denver,2020-10-30
113,Noah Jones,Los Angeles,2021-09-23
114,Liam Johnson,Jacksonville,2021-03-06
115,Victor Davis,Boston,2020-07-29
116,Liam Moore,Columbus,2023-06-25
117,Xander Jones,San Diego,2020-11-28
118,Frank White,New York,2021-01-02
119,Xander Anderson,Columbus,2023-10-03
120,Xander Davis,Dallas,2020-11-22
121,Wendy Brown,Fort Worth,2020-03-20
122,Paul Davis,San Antonio,2022-07-31
123,Liam Taylor,San Diego,2021-04-01
124,Alice Miller,Fort Worth,2021-11-03
125,Iris Williams,Dallas,2021-12-20
126,Uma Thompson,Fort Worth,2023-10-23
127,Rose Anderson,New York,2020-08-24
128,Iris Garcia,Nashville,2021-06-27
129,Bob Brown,Oklahoma City,2022-06-08
130,Liam Anderson,Columbus,2023-05-26
131,Quinn Brown,Fort Worth,2023-03-26
132,Grace Wilson,Los Angeles,2023-12-22
133,Noah Smith,Seattle,2023-01-07
134,Victor Miller,Jacksonville,2022-06-02
135,Carol Anderson,Oklahoma City,2021-10-04
136,Victor Brown,Las Vegas,2021-09-07
137,Quinn Taylor,Boston,2022-04-16
138,Karen Jackson,Portland,2021-08-28
139,Rose Jones,San Antonio,2022-05-11
140,Victor Jackson,Boston,2020-12-22
141,Tina Young,San Jose,2022-04-11
142,Rose Smith,San Jose,2021-08-10
143,Grace White,Nashville,2023-05-27
144,Uma Anderson,Charlotte,2022-06-23
145,Olivia Miller,Seattle,2022-08-27
146,Xander Garcia,Boston,2020-06-22
147,Jack Thompson,Boston,2023-07-20
148,Tina Anderson,Chicago,2021-04-26
149,Victor Taylor,San Diego,2021-02-11
150,Eve Smith,Los Angeles,2021-05-16
151,Paul Allen,Chicago,2022-07-21
152,Noah Young,San Antonio,2023-11-27
153,Mia Martin,Fort Worth,2021-05-14
154,Eve Smith,Houston,2022-05-20
155,Henry Garcia,Portland,2022-11-26
156,Olivia Johnson,Denver,2021-05-25
157,David Harris,Phoenix,2022-08-09
158,Victor Thompson,Denver,2023-05-04
159,Karen Harris,Oklahoma City,2022-10-30
160,Noah Moore,Charlotte,2020-11-21
161,Xander Martin,Charlotte,2021-06-14
162,Yara Davis,El Paso,2021-07-21
163,Yara Thompson,Indianapolis,2023-07-07
164,Henry Wilson,Charlotte,2020-06-07
165,Wendy Taylor,San Diego,2021-07-10
166,Karen Anderson,Denver,2020-06-14
167,Eve Jones,San Diego,2022-02-23
168,Wendy Jones,Portland,2021-03-14
169,Carol White,Columbus,2021-11-08
170,Rose Harris,Columbus,2020-05-07
171,Grace White,Fort Worth,2023-04-11
172,Wendy Smith,Nashville,2022-02-18
173,Paul Smith,Jacksonville,2021-09-03
174,Yara Jackson,Columbus,2023-01-07
175,Xander Moore,Oklahoma City,2021-03-27
176,Paul Davis,Dallas,2022-06-11
177,Paul Smith,Fort Worth,2021-11-19
178,Victor Jackson,Las Vegas,2020-12-04
179,Olivia Jones,Oklahoma City,2022-12-29
180,Alice Jackson,Nashville,2023-03-01
181,Victor Smith,Chicago,2023-08-09
182,Noah Jones,Charlotte,2021-01-07
183,Bob Wilson,Fort Worth,2021-11-01
184,Grace Harris,Austin,2021-11-22
185,Yara Jackson,Dallas,2022-05-13
186,Iris Williams,Indianapolis,2020-02-09
187,Xander Moore,Los Angeles,2021-12-17
188,Henry Williams,El Paso,2020-03-23
189,Yara Smith,San Diego,2021-02-12
190,Alice Allen,Phoenix,2021-05-03
191,Eve Martin,Boston,2020-08-22
192,Sam Miller,Charlotte,2023-12-03
193,Iris Thomas,Philadelphia,2023-05-25
194,Tina Brown,Philadelphia,2021-09-29
195,David Young,New York,2021-09-30
196,Sam Jackson,Fort Worth,2021-02-10
197,Carol Young,Portland,2023-07-08
198,Henry Brown,Portland,2021-09-09
199,Victor Allen,Houston,2023-03-05
200,Bob Thomas,Denver,2022-05-27
201,Victor Thomas,Chicago,2022-11-02
202,Uma Anderson,New York,2022-05-10
203,Paul Brown,Columbus,2022-01-11
204,Uma Harris,Portland,2020-11-09
205,Noah Garcia,Las Vegas,2022-12-04
206,Uma Wilson,Oklahoma City,2023-01-07
207,Yara Martin,Charlotte,2022-06-11
208,Xander Young,Dallas,2021-10-22
209,Henry Williams,Dallas,2022-07-12
210,Henry Harris,Nashville,2023-06-03
211,Victor Jackson,Austin,2020-02-28
212,Paul Anderson,Philadelphia,2022-09-25
213,Grace Thomas,Dallas,2021-11-28
214,Iris Allen,Portland,2021-07-19
215,Rose Smith,Seattle,2021-01-26
216,Carol Davis,Las Vegas,2022-04-12
217,Paul Moore,San Diego,2023-11-15
218,Paul Martin,Charlotte,2020-02-05
219,Carol Taylor,San Diego,2022-04-08
220,Wendy Davis,San Jose,2023-09-21
221,Sam Thomas,Indianapolis,2023-02-07
222,Quinn Thomas,Columbus,2023-02-01
223,Karen Thomas,Portland,2022-07-18
224,Iris Taylor,Dallas,2021-04-17
225,David Miller,Austin,2020-09-01
226,Xander Moore,Portland,2021-01-14
227,Grace Miller,Las Vegas,2022-09-18
228,Iris Young,Seattle,2023-05-07
229,Jack Brown,San Antonio,2021-08-29
230,Henry Thomas,Philadelphia,2021-09-11
231,Alice Moore,Phoenix,2021-07-15
232,Bob Johnson,Denver,2021-08-21
233,Wendy Jones,El Paso,2022-10-02
234,David Smith,Nashville,2021-08-05
235,Paul Martin,Charlotte,2021-11-28
236,Frank Johnson,Dallas,2022-09-05
237,David Williams,Fort Worth,2022-10-04
238,Carol Young,El Paso,2023-11-06
239,Bob Jones,Phoenix,2023-02-26
240,Jack Williams,San Diego,2020-08-30
241,Rose White,Oklahoma City,2023-05-05
242,Tina Davis,Seattle,2022-02-18
243,Olivia Harris,San Jose,2023-04-20
244,Noah Taylor,Nashville,2023-06-25
245,Bob Allen,Las Vegas,2020-07-22
246,Yara Miller,El Paso,2021-03-08
247,Iris Williams,Philadelphia,2021-05-06
248,Frank Moore,Chicago,2020-11-16
249,Alice White,Charlotte,2023-11-12
250,Tina Martin,San Jose,2020-03-07
251,Henry Taylor,Portland,2021-08-02
252,Wendy Harris,Chicago,2023-11-08
253,Henry Wilson,El Paso,2023-04-22
254,Victor Miller,Columbus,2020-08-23
255,Rose Davis,El Paso,2020-11-01
256,Iris Jones,Chicago,2020-05-02
257,Frank Taylor,Oklahoma City,2023-03-11
258,Jack Harris,Houston,2022-08-17
259,Wendy Taylor,Portland,2022-04-04
260,Iris Thompson,Denver,2022-10-08
261,Olivia Williams,Oklahoma City,2020-03-22
262,Noah Anderson,Oklahoma City,2021-05-27
263,Alice Williams,San Diego,2023-10-12
264,Sam Young,New York,2023-10-08
265,Iris Young,Los Angeles,2020-12-24
266,Paul Thompson,El Paso,2022-06-24
267,Iris Garcia,Nashville,2022-06-11
268,Uma Martin,Chicago,2022-08-20
269,Liam White,Austin,2021-10-19
270,Victor Brown,Philadelphia,2021-11-06
271,Noah Martin,San Jose,2023-09-18
272,Mia Moore,Los Angeles,2022-07-20
273,Carol Anderson,Dallas,2021-10-24
274,David Jackson,Seattle,2020-01-03
275,Victor Moore,Charlotte,2022-04-26
276,Bob Miller,Seattle,2022-01-10
277,Tina Martin,El Paso,2022-06-24
278,Yara Johnson,San Antonio,2021-06-30
279,Rose Jones,San Jose,2022-06-16
280,Wendy Martin,Houston,2020-02-29
281,Uma Allen,San Diego,2023-12-24
282,Frank Taylor,Denver,2020-01-29
283,Rose White,Chicago,2021-04-05
284,David Harris,Houston,2023-08-19
285,Eve Martin,Portland,2021-08-20
286,Quinn Wilson,Columbus,2022-09-15
287,Paul Davis,Charlotte,2023-02-02
288,Eve Jackson,San Antonio,2023-05-12
289,Quinn Jones,Chicago,2021-07-19
290,Yara White,Austin,2022-11-05
291,Iris Smith,San Jose,2021-09-03
292,Sam Young,Boston,2022-09-29
293,Eve Harris,Denver,2022-09-18
294,Liam Anderson,Denver,2023-01-17
295,Mia Harris,Austin,2021-01-21
296,Wendy Davis,Nashville,2022-02-23
297,Henry White,Los Angeles,2021-10-13
298,Xander Martin,Portland,2022-02-19
299,Mia Jones,Indianapolis,2020-03-16
300,Eve Thompson,Nashville,2021-11-10
301,David Harris,Houston,2022-12-13
302,Olivia Smith,Las Vegas,2020-10-22
303,Noah Jones,Chicago,2022-08-19
304,Iris Anderson,Oklahoma City,2023-11-19
305,Mia Williams,Austin,2023-10-13
306,Rose Jackson,Austin,2023-07-07
307,Wendy Martin,Denver,2020-03-14
308,Tina Williams,San Diego,2023-07-16
309,Victor Taylor,San Diego,2020-07-04
310,Noah Brown,El Paso,2023-12-12
311,David Harris,Philadelphia,2023-11-22
312,Jack Smith,Los Angeles,2021-10-26
313,Bob Taylor,Jacksonville,2022-02-06
314,Noah Jones,San Diego,2022-12-23
315,Noah Young,Boston,2021-01-03
316,Frank Garcia,Chicago,2023-06-02
317,Mia Allen,Boston,2021-05-08
318,Paul Young,Phoenix,2021-04-20
319,Olivia Wilson,Charlotte,2021-06-06
320,Victor Smith,Charlotte,2021-08-12
321,Victor Moore,Philadelphia,2020-05-31
322,Olivia Thomas,Nashville,2021-09-04
323,Uma White,Portland,2021-05-27
324,Olivia Taylor,San Antonio,2022-02-26
325,Paul Brown,San Diego,2022-02-20
326,Sam Thomas,Nashville,2021-08-28
327,Wendy Taylor,New York,2023-09-10
328,Mia Wilson,New York,2023-03-05
329,Victor Johnson,Oklahoma City,2022-10-14
330,Jack Davis,Oklahoma City,2021-12-22
331,Henry Miller,Oklahoma City,2021-05-28
332,Victor Jones,El Paso,2020-07-17
333,Uma Johnson,San Jose,2022-06-21
334,Bob Young,Jacksonville,2020-09-26
335,Carol Taylor,Austin,2022-04-30
336,Frank Miller,Phoenix,2023-01-09
337,Liam Thompson,Seattle,2021-07-12
338,Frank Wilson,Indianapolis,2021-08-27
339,Xander Anderson,Houston,2022-08-17
340,Carol Jones,San Diego,2023-10-17
341,Xander Jackson,Denver,2022-01-19
342,Carol Jackson,New York,2021-06-25
343,Rose Brown,Charlotte,2022-01-24
344,Victor Wilson,Nashville,2022-02-19
345,Uma Thomas,Houston,2023-10-14
346,Henry Martin,New York,2023-06-22
347,Rose Anderson,Oklahoma City,2021-03-29
348,Uma Williams,El Paso,2022-08-08
349,Wendy Taylor,El Paso,2022-04-16
350,David Jones,Los Angeles,2020-03-17
351,Jack Martin,Houston,2020-07-18
352,Henry Moore,Phoenix,2022-03-06
353,Olivia Thomas,Boston,2023-11-27
354,Rose White,Nashville,2020-11-12
355,Noah Brown,Indianapolis,2023-06-14
356,Noah Wilson,Los Angeles,2023-11-14
357,Liam Miller,Charlotte,2022-06-29
358,Henry Thomas,Houston,2023-11-05
359,Liam Moore,El Paso,2022-01-04
360,Bob Jackson,Dallas,2021-01-23
361,David Harris,Chicago,2023-09-19
362,Grace Allen,New York,2020-04-13
363,Karen Davis,Phoenix,2023-03-02
364,Grace Williams,Denver,2021-02-28
365,Sam Miller,San Diego,2021-11-03
366,Yara Jones,Oklahoma City,2020-01-06
367,Iris Jones,Phoenix,2023-01-11
368,Iris Garcia,Houston,2023-09-15
369,Alice Jones,New York,2022-01-03
370,Henry Young,Austin,2020-02-02
371,Frank Wilson,Los Angeles,2020-09-16
372,Xander White,Seattle,2020-08-20
373,Xander Williams,Indianapolis,2022-07-07
374,Yara Thomas,Seattle,2023-04-30
375,David Harris,Seattle,2021-03-29
376,Tina Johnson,Las Vegas,2023-09-11
377,Quinn Taylor,Charlotte,2023-08-10
378,Alice Johnson,Indianapolis,2022-04-02
379,Noah Brown,Indianapolis,2023-12-29
380,Olivia Williams,Chicago,2021-10-21
381,Tina Jones,Chicago,2020-09-15
382,Iris Allen,El Paso,2023-04-13
383,Rose Anderson,Fort Worth,2023-05-08
384,Quinn Taylor,Charlotte,2022-11-01
385,Tina White,Houston,2023-12-08
386,David Moore,Las Vegas,2021-03-16
387,Noah Harris,San Diego,2022-04-27
388,Karen Harris,Fort Worth,2022-05-01
389,Xander Brown,Austin,2022-05-24
390,Karen Wilson,Jacksonville,2020-11-08
391,Victor Martin,Chicago,2020-07-05
392,Carol Williams,Columbus,2020-07-16
393,Xander Thomas,Phoenix,2023-02-13
394,Bob Young,Denver,2023-02-24
395,Karen Brown,Columbus,2021-12-25
396,Victor White,Las Vegas,2020-04-15
397,Jack Allen,San Jose,2021-12-21
398,David Young,Seattle,2021-03-11
399,Eve Martin,San Diego,2020-08-09
400,Liam Moore,Jacksonville,2020-08-23
401,Yara Wilson,Nashville,2021-04-08
402,Noah Moore,Oklahoma City,2023-06-10
403,Victor Moore,New York,2023-06-01
404,Victor Wilson,New York,2021-01-04
405,Iris Taylor,Austin,2021-12-19
406,Alice Garcia,Phoenix,2023-03-05
407,Victor Jackson,Chicago,2020-10-17
408,Xander Smith,Chicago,2022-12-22
409,Grace Jackson,Columbus,2022-07-18
410,Karen Garcia,Jacksonville,2021-09-30
411,Xander Anderson,Nashville,2023-05-06
412,Carol Johnson,Phoenix,2020-11-18
413,Yara Allen,Los Angeles,2023-10-12
414,Carol Wilson,Charlotte,2023-09-17
415,Noah Martin,Oklahoma City,2022-06-24
416,Noah Wilson,San Antonio,2022-11-15
417,David Thomas,Columbus,2020-08-15
418,Jack Young,Indianapolis,2022-12-15
419,Victor Taylor,Los Angeles,2021-03-27
420,Mia Allen,Los Angeles,2020-01-16
421,Grace Taylor,San Antonio,2020-10-08
422,Yara Wilson,San Jose,2021-11-02
423,David Smith,Indianapolis,2022-05-31
424,Frank Jones,Fort Worth,2022-12-26
425,Wendy Davis,Seattle,2023-02-18
426,Victor Thomas,Chicago,2022-03-24
427,Xander Johnson,Columbus,2020-02-08
428,Olivia Williams,Austin,2023-03-25
429,Noah Young,Fort Worth,2023-12-24
430,Uma White,San Jose,2020-08-23
431,Mia Smith,Austin,2020-12-17
432,Tina Harris,Portland,2022-01-11
433,Carol White,Houston,2021-05-13
434,Noah Young,Fort Worth,2022-12-09
435,Carol Jackson,San Jose,2021-11-26
436,Henry Anderson,Philadelphia,2020-06-05
437,Quinn Brown,Seattle,2022-11-10
438,Grace Thomas,Jacksonville,2023-08-14
439,Eve Davis,Houston,2020-10-26
440,Iris Miller,Philadelphia,2023-05-18
441,Eve Williams,Philadelphia,2023-07-10
442,Paul Harris,Nashville,2023-04-01
443,Olivia Young,El Paso,2023-07-25
444,Tina Anderson,El Paso,2021-10-09
445,Eve Harris,Chicago,2022-08-18
446,Olivia Taylor,Dallas,2023-04-26
447,Bob Thomas,Seattle,2020-05-31
448,Jack Harris,Charlotte,2020-03-18
449,Bob Thomas,San Jose,2020-06-06
450,Uma Williams,Oklahoma City,2023-05-01
451,Quinn Jackson,Charlotte,2023-04-03
452,Rose Johnson,Charlotte,2023-03-16
453,Uma Miller,Austin,2023-05-24
454,Paul Thompson,Phoenix,2020-05-06
455,Olivia Brown,Austin,2020-06-21
456,Quinn Garcia,Los Angeles,2021-05-22
457,Wendy Harris,Charlotte,2022-12-09
458,Quinn Allen,Philadelphia,2022-01-15
459,Liam Taylor,Fort Worth,2022-04-17
460,Yara Anderson,Boston,2023-05-09
461,Bob Anderson,Chicago,2021-11-06
462,David Moore,Boston,2022-03-02
463,Jack Wilson,Las Vegas,2023-09-06
464,Tina Jones,Austin,2020-06-15
465,Sam Jones,Jacksonville,2021-09-27
466,Uma Jackson,Phoenix,2023-05-03
467,Wendy Williams,San Jose,2023-02-18
468,Mia Anderson,Phoenix,2023-10-04
469,Wendy Thompson,Chicago,2023-08-16
470,Victor White,Seattle,2022-01-11
471,Alice Thomas,San Jose,2021-01-04
472,Grace Anderson,Indianapolis,2021-01-28
473,Henry Jones,Phoenix,2020-06-07
474,Jack Brown,Seattle,2023-01-10
475,Xander Thompson,Los Angeles,2023-09-17
476,Karen Allen,Phoenix,2023-05-08
477,Mia Jones,Philadelphia,2021-01-05
478,Wendy Allen,Philadelphia,2022-06-15
479,Bob White,Jacksonville,2023-10-17
480,Xander Davis,Charlotte,2023-06-04
481,Jack Harris,San Diego,2022-12-29
482,Henry Taylor,Indianapolis,2021-02-01
483,Liam Young,Charlotte,2022-08-03
484,Yara Taylor,Fort Worth,2022-10-26
485,Quinn White,Philadelphia,2021-02-12
486,Tina Jones,Dallas,2020-04-16
487,Uma Martin,Jacksonville,2023-02-09
488,David Thompson,Houston,2021-08-06
489,Carol Garcia,Dallas,2022-07-09
490,Quinn Jones,Columbus,2020-07-06
491,Henry Harris,Jacksonville,2020-02-24
492,Noah Johnson,Fort Worth,2022-10-25
493,Liam Davis,Fort Worth,2020-06-16
494,Liam Davis,New York,2021-10-14
495,David Anderson,Phoenix,2020-10-08
496,Bob Taylor,Indianapolis,2023-11-26
497,Eve Martin,Charlotte,2023-06-14
498,Alice Williams,New York,2021-06-08
499,Grace Jones,Denver,2023-05-31
500,Quinn White,Houston,2021-08-13
