transaction_id,customer_id,product_category,amount
TXN-20240601-0001,CUST0041,Clothing,29.89
TXN-20240601-0002,CUST0018,Sports,227.09
TXN-20240601-0003,CUST0048,Clothing,678.31
TXN-20240601-0004,CUST0035,Clothing,592.53
TXN-20240601-0005,CUST0003,Electronics,98.23
TXN-20240601-0006,CUST0015,Health,604.0
TXN-20240601-0007,CUST0036,Sports,717.43
TXN-20240601-0008,CUST0045,Health,422.42
TXN-20240601-0009,CUST0029,Beauty,281.8
TXN-20240601-0010,CUST0001,Groceries,699.64
TXN-20240601-0011,CUST0022,Home & Garden,159.7
TXN-20240601-0012,CUST0049,Books,106.7
TXN-20240601-0013,CUST0025,Clothing,362.18
TXN-20240601-0014,CUST0023,Beauty,268.2
TXN-20240601-0015,CUST0003,Automotive,538.54
TXN-20240601-0016,CUST0025,Clothing,554.27
TXN-20240601-0017,CUST0041,Beauty,886.02
TXN-20240601-0018,CUST0024,Beauty,196.33
TXN-20240601-0019,CUST0005,Electronics,662.95
TXN-20240601-0020,CUST0050,Home & Garden,985.29
TXN-20240601-0021,CUST0015,Clothing,383.22
TXN-20240601-0022,CUST0030,Books,166.84
TXN-20240601-0023,CUST0023,Sports,671.82
TXN-20240601-0024,CUST0045,Clothing,611.08
TXN-20240601-0025,CUST0011,Health,730.47
TXN-20240601-0026,CUST0011,Automotive,382.55
TXN-20240601-0027,CUST0041,Health,223.51
TXN-20240601-0028,CUST0021,Electronics,232.9
TXN-20240601-0029,CUST0003,Books,404.15
TXN-20240601-0030,CUST0005,Sports,913.56
TXN-20240601-0031,CUST0037,Books,216.56
TXN-20240601-0032,CUST0032,Toys,885.25
TXN-20240601-0033,CUST0042,Automotive,147.16
TXN-20240601-0034,CUST0009,Sports,746.26
TXN-20240601-0035,CUST0035,Home & Garden,748.27
TXN-20240601-0036,CUST0028,Beauty,402.4
TXN-20240601-0037,CUST0015,Groceries,511.97
TXN-20240601-0038,CUST0006,Electronics,861.79
TXN-20240601-0039,CUST0010,Groceries,793.11
TXN-20240601-0040,CUST0028,Beauty,68.21
TXN-20240601-0041,CUST0025,Beauty,996.13
TXN-20240601-0042,CUST0034,Home & Garden,971.21
TXN-20240601-0043,CUST0001,Clothing,683.3
TXN-20240601-0044,CUST0035,Home & Garden,769.75
TXN-20240601-0045,CUST0022,Clothing,297.03
TXN-20240601-0046,CUST0011,Automotive,8.23
TXN-20240601-0047,CUST0047,Home & Garden,972.02
TXN-20240601-0048,CUST0049,Groceries,510.14
TXN-20240601-0049,CUST0007,Home & Garden,842.45
TXN-20240601-0050,CUST0033,Beauty,202.91
TXN-20240601-0051,CUST0024,Groceries,541.68
TXN-20240601-0052,CUST0050,Health,918.89
TXN-20240601-0053,CUST0039,Books,491.16
TXN-20240601-0054,CUST0008,Books,879.32
TXN-20240601-0055,CUST0020,Sports,62.63
TXN-20240601-0056,CUST0037,Clothing,90.22
TXN-20240601-0057,CUST0032,Clothing,978.08
TXN-20240601-0058,CUST0035,Groceries,132.75
TXN-20240601-0059,CUST0031,Health,169.3
TXN-20240601-0060,CUST0034,Beauty,426.02
TXN-20240601-0061,CUST0014,Health,756.48
TXN-20240601-0062,CUST0045,Sports,714.38
TXN-20240601-0063,CUST0026,Books,440.91
TXN-20240601-0064,CUST0034,Automotive,125.4
TXN-20240601-0065,CUST0015,Clothing,341.39
TXN-20240601-0066,CUST0038,Health,233.96
TXN-20240601-0067,CUST0015,Electronics,75.64
TXN-20240601-0068,CUST0041,Electronics,232.79
TXN-20240601-0069,CUST0003,Books,75.5
TXN-20240601-0070,CUST0016,Home & Garden,670.63
TXN-20240601-0071,CUST0014,Health,136.65
TXN-20240601-0072,CUST0037,Beauty,475.3
TXN-20240601-0073,CUST0031,Toys,194.46
TXN-20240601-0074,CUST0007,Toys,357.52
TXN-20240601-0075,CUST0027,Automotive,864.51
TXN-20240601-0076,CUST0004,Clothing,65.31
TXN-20240601-0077,CUST0047,Books,801.58
TXN-20240601-0078,CUST0007,Sports,195.63
TXN-20240601-0079,CUST0035,Automotive,144.48
TXN-20240601-0080,CUST0012,Home & Garden,465.31
TXN-20240601-0081,CUST0005,Automotive,808.97
TXN-20240601-0082,CUST0036,Clothing,55.33
TXN-20240601-0083,CUST0035,Electronics,969.14
TXN-20240601-0084,CUST0049,Sports,170.48
TXN-20240601-0085,CUST0032,Automotive,217.68
TXN-20240601-0086,CUST0026,Electronics,168.81
TXN-20240601-0087,CUST0001,Toys,268.87
TXN-20240601-0088,CUST0030,Home & Garden,425.89
TXN-20240601-0089,CUST0047,Health,663.56
TXN-20240601-0090,CUST0032,Groceries,193.95
TXN-20240601-0091,CUST0014,Electronics,581.28
TXN-20240601-0092,CUST0035,Electronics,749.23
TXN-20240601-0093,CUST0004,Electronics,586.25
TXN-20240601-0094,CUST0033,Health,161.64
TXN-20240601-0095,CUST0033,Clothing,852.08
TXN-20240601-0096,CUST0005,Beauty,72.62
TXN-20240601-0097,CUST0016,Toys,124.29
TXN-20240601-0098,CUST0037,Sports,581.02
TXN-20240601-0099,CUST0003,Beauty,86.57
TXN-20240601-0100,CUST0043,Beauty,567.4
TXN-20240601-0101,CUST0021,Home & Garden,208.24
TXN-20240601-0102,CUST0046,Books,242.49
TXN-20240601-0103,CUST0026,Groceries,673.33
TXN-20240601-0104,CUST0020,Automotive,319.59
TXN-20240601-0105,CUST0049,Clothing,14.27
TXN-20240601-0106,CUST0040,Beauty,996.11
TXN-20240601-0107,CUST0005,Health,217.09
TXN-20240601-0108,CUST0017,Groceries,933.58
TXN-20240601-0109,CUST0005,Sports,372.68
TXN-20240601-0110,CUST0011,Automotive,834.57
TXN-20240601-0111,CUST0046,Home & Garden,613.61
TXN-20240601-0112,CUST0042,Health,12.78
TXN-20240601-0113,CUST0036,Home & Garden,932.09
TXN-20240601-0114,CUST0007,Groceries,268.14
TXN-20240601-0115,CUST0007,Health,159.67
TXN-20240601-0116,CUST0019,Beauty,214.57
TXN-20240601-0117,CUST0022,Sports,689.05
TXN-20240601-0118,CUST0017,Health,491.08
TXN-20240601-0119,CUST0004,Clothing,636.11
TXN-20240601-0120,CUST0018,Electronics,8.53
TXN-20240601-0121,CUST0050,Groceries,638.92
TXN-20240601-0122,CUST0017,Groceries,742.52
TXN-20240601-0123,CUST0036,Toys,563.1
TXN-20240601-0124,CUST0008,Clothing,945.32
TXN-20240601-0125,CUST0045,Groceries,547.86
TXN-20240601-0126,CUST0024,Beauty,554.76
TXN-20240601-0127,CUST0028,Groceries,46.62
TXN-20240601-0128,CUST0024,Electronics,899.42
TXN-20240601-0129,CUST0014,Sports,668.59
TXN-20240601-0130,CUST0023,Health,884.71
TXN-20240601-0131,CUST0027,Beauty,750.72
TXN-20240601-0132,CUST0016,Groceries,976.32
TXN-20240601-0133,CUST0012,Toys,29.66
TXN-20240601-0134,CUST0048,Books,783.47
TXN-20240601-0135,CUST0027,Sports,270.47
TXN-20240601-0136,CUST0045,Clothing,385.63
TXN-20240601-0137,CUST0003,Automotive,226.32
TXN-20240601-0138,CUST0030,Books,308.66
TXN-20240601-0139,CUST0015,Sports,28.55
TXN-20240601-0140,CUST0013,Toys,331.62
TXN-20240601-0141,CUST0005,Home & Garden,354.39
TXN-20240601-0142,CUST0033,Toys,681.11
TXN-20240601-0143,CUST0035,Books,939.53
TXN-20240601-0144,CUST0008,Home & Garden,182.67
TXN-20240601-0145,CUST0017,Electronics,112.86
TXN-20240601-0146,CUST0028,Books,729.9
TXN-20240601-0147,CUST0021,Toys,608.17
TXN-20240601-0148,CUST0033,Clothing,388.27
TXN-20240601-0149,CUST0037,Sports,258.45
TXN-20240601-0150,CUST0046,Toys,6.68
TXN-20240601-0151,CUST0035,Sports,367.4
TXN-20240601-0152,CUST0005,Books,625.03
TXN-20240601-0153,CUST0043,Clothing,721.15
TXN-20240601-0154,CUST0020,Health,312.74
TXN-20240601-0155,CUST0027,Books,405.38
TXN-20240601-0156,CUST0019,Health,131.65
TXN-20240601-0157,CUST0027,Toys,678.92
TXN-20240601-0158,CUST0012,Beauty,571.25
TXN-20240601-0159,CUST0026,Health,834.55
TXN-20240601-0160,CUST0020,Home & Garden,214.13
TXN-20240601-0161,CUST0038,Beauty,656.43
TXN-20240601-0162,CUST0030,Automotive,444.94
TXN-20240601-0163,CUST0014,Health,475.82
TXN-20240601-0164,CUST0048,Groceries,660.55
TXN-20240601-0165,CUST0019,Health,665.53
TXN-20240601-0166,CUST0040,Books,97.92
TXN-20240601-0167,CUST0049,Sports,674.42
TXN-20240601-0168,CUST0015,Sports,151.62
TXN-20240601-0169,CUST0003,Sports,984.01
TXN-20240601-0170,CUST0040,Clothing,458.13
TXN-20240601-0171,CUST0041,Beauty,198.46
TXN-20240601-0172,CUST0045,Toys,496.9
TXN-20240601-0173,CUST0016,Groceries,657.77
TXN-20240601-0174,CUST0001,Clothing,779.52
TXN-20240601-0175,CUST0015,Groceries,805.08
TXN-20240601-0176,CUST0045,Health,467.22
TXN-20240601-0177,CUST0036,Sports,917.87
TXN-20240601-0178,CUST0008,Automotive,137.67
TXN-20240601-0179,CUST0030,Health,987.94
TXN-20240601-0180,CUST0039,Books,950.28
TXN-20240601-0181,CUST0029,Beauty,815.92
TXN-20240601-0182,CUST0033,Toys,831.41
TXN-20240601-0183,CUST0036,Automotive,897.71
TXN-20240601-0184,CUST0048,Automotive,452.81
TXN-20240601-0185,CUST0049,Sports,840.66
TXN-20240601-0186,CUST0018,Health,487.17
TXN-20240601-0187,CUST0016,Home & Garden,442.67
TXN-20240601-0188,CUST0046,Home & Garden,238.32
TXN-20240601-0189,CUST0022,Books,893.55
TXN-20240601-0190,CUST0006,Groceries,155.07
TXN-20240601-0191,CUST0025,Groceries,707.88
TXN-20240601-0192,CUST0005,Toys,410.56
TXN-20240601-0193,CUST0035,Automotive,418.69
TXN-20240601-0194,CUST0014,Toys,392.53
TXN-20240601-0195,CUST0050,Beauty,946.32
TXN-20240601-0196,CUST0002,Beauty,383.48
TXN-20240601-0197,CUST0001,Books,302.12
TXN-20240601-0198,CUST0025,Toys,540.52
TXN-20240601-0199,CUST0048,Health,800.86
TXN-20240601-0200,CUST0015,Automotive,223.32
